region,gender,relocated,wage,experience,unempl_wage,education,unempl_reg,age,republic,other_work,drinking,health,xj1,born_in_city,profession,marital_status,now_in_school,line
1,1,2,99999997,3,NA,1,NA,23,NA,2,2,3,1,NA,5419,1,2,12
1,1,2,0,NA,NA,NA,NA,6,NA,NA,NA,2,NA,NA,NA,NA,2,NA
1,1,2,0,NA,NA,NA,NA,6,NA,NA,NA,2,NA,NA,NA,NA,2,NA
1,1,2,20000,3,NA,5,NA,23,NA,2,NA,2,1,NA,9613,1,2,12
1,1,2,25000,1,NA,3,NA,19,NA,2,NA,2,1,NA,5419,1,2,12
1,2,1,0,NA,NA,NA,NA,6,NA,NA,NA,2,NA,NA,NA,NA,2,NA
1,1,1,99999997,99999996,NA,5,NA,20,1,2,1,1,1,1,8131,1,2,12
1,2,2,0,99999996,35000,5,NA,20,NA,2,NA,2,1,NA,5222,1,2,13
1,1,1,0,NA,NA,NA,NA,6,NA,NA,NA,2,NA,NA,NA,NA,2,NA
1,1,1,0,NA,NA,1,2,17,1,2,1,3,5,3,NA,1,2,1
1,2,1,0,99999996,30000,1,2,23,1,1,2,1,5,1,NA,2,2,8
1,1,1,20000,3,40000,1,NA,22,1,2,1,1,1,1,7231,1,2,12
1,1,2,25000,3,NA,6,NA,22,NA,2,1,2,1,NA,7231,1,2,12
1,2,2,0,NA,20000,1,2,17,NA,2,NA,2,5,NA,NA,1,2,15
1,1,1,40000,4,NA,6,NA,25,1,2,2,2,1,3,7126,1,2,12
1,2,1,0,NA,NA,1,2,19,1,2,NA,3,5,1,NA,1,2,7
1,2,1,0,NA,NA,NA,NA,6,NA,NA,NA,2,NA,NA,NA,NA,2,NA
1,1,1,0,NA,NA,1,2,18,1,2,NA,3,5,1,NA,1,2,1
1,2,2,0,NA,NA,1,2,16,NA,2,NA,2,5,NA,NA,1,2,1
1,2,1,0,NA,NA,1,2,15,1,2,NA,2,5,99999999,NA,1,2,1
1,1,1,0,NA,NA,NA,NA,6,NA,NA,NA,1,NA,NA,NA,NA,2,NA
1,1,2,0,NA,NA,1,2,16,NA,2,2,2,5,NA,NA,1,2,1
1,1,2,0,NA,NA,NA,NA,6,NA,NA,NA,3,NA,NA,NA,NA,2,NA
1,1,2,43000,1,NA,1,NA,21,NA,2,NA,2,1,NA,4229,1,2,12
1,1,2,46000,0,NA,6,NA,21,NA,2,NA,2,1,NA,4321,1,2,12
1,2,2,99999997,0,NA,6,NA,20,NA,2,NA,2,1,NA,2330,1,2,12
1,1,1,0,NA,NA,NA,NA,5,NA,NA,NA,2,NA,NA,NA,NA,2,NA
9,2,2,0,1,NA,6,2,21,NA,2,NA,2,5,NA,NA,2,2,7
9,2,2,0,0,NA,1,2,19,NA,2,NA,2,5,NA,NA,1,2,15
9,1,1,0,NA,NA,1,2,19,1,2,2,2,5,1,NA,1,2,15
9,1,2,0,NA,NA,NA,NA,6,NA,NA,NA,4,NA,NA,NA,NA,2,NA
9,1,2,25000,99999996,NA,6,NA,21,NA,2,1,2,1,NA,7231,1,2,12
9,2,2,0,NA,NA,1,2,18,NA,2,1,2,5,NA,NA,1,2,15
9,2,2,0,NA,NA,NA,NA,10,NA,NA,NA,4,NA,NA,NA,NA,2,NA
9,2,2,8000,99999996,NA,6,NA,22,NA,2,NA,2,1,NA,5312,4,2,12
9,1,2,99999998,99999996,NA,4,NA,24,NA,2,1,2,1,NA,7231,1,2,12
9,1,2,0,NA,NA,NA,NA,6,NA,NA,NA,1,NA,NA,NA,NA,2,NA
9,1,1,0,NA,NA,1,2,16,1,2,NA,3,5,1,NA,1,2,15
9,1,2,0,NA,NA,1,2,17,NA,2,NA,3,5,NA,NA,1,2,9
9,1,2,0,NA,NA,1,2,16,NA,2,NA,2,5,NA,NA,1,2,15
9,2,1,15000,1,NA,11,NA,24,1,2,1,2,1,1,2262,1,2,12
9,1,2,16000,99999996,35000,1,NA,19,NA,2,1,2,1,NA,5132,1,2,12
9,1,2,0,0,NA,1,2,16,NA,1,NA,2,5,NA,NA,1,2,15
9,2,2,0,NA,NA,NA,NA,6,NA,NA,NA,2,NA,NA,NA,NA,2,NA
9,1,2,35000,99999997,NA,6,NA,25,NA,2,1,2,1,NA,7231,2,2,12
9,2,2,0,1,150000,6,2,24,NA,2,1,2,5,NA,NA,2,2,8
9,2,1,0,NA,NA,6,2,21,14,1,1,2,5,3,NA,3,2,11
9,1,2,0,NA,NA,1,2,17,NA,2,NA,2,5,NA,NA,1,2,15
9,1,2,0,99999996,NA,1,NA,19,NA,2,NA,3,1,NA,9313,1,2,13
9,2,2,0,NA,NA,1,2,17,NA,2,NA,2,5,NA,NA,1,2,15
9,1,1,0,NA,40000,6,2,22,1,2,NA,2,5,3,NA,1,2,8
9,2,1,0,NA,40000,6,2,20,1,2,NA,2,5,1,NA,1,2,8
9,1,2,25000,1,NA,6,NA,21,NA,2,2,2,1,NA,5132,1,2,12
9,1,2,0,NA,NA,1,2,17,NA,2,NA,2,5,NA,NA,1,2,15
9,2,2,0,NA,20000,1,2,19,NA,2,NA,2,5,NA,NA,1,2,7
9,1,2,0,99999997,NA,6,NA,24,NA,2,NA,3,1,NA,5230,2,2,12
10,1,2,0,99999997,NA,1,NA,25,NA,2,1,2,1,NA,5221,2,2,11
10,1,2,0,NA,NA,1,2,18,NA,2,1,3,5,NA,NA,1,2,15
10,1,2,0,NA,NA,1,2,16,NA,2,NA,2,5,NA,NA,1,2,15
10,2,1,0,NA,NA,NA,NA,6,NA,NA,NA,3,NA,NA,NA,NA,2,NA
10,2,2,0,NA,NA,1,2,16,NA,2,NA,3,5,NA,NA,1,2,15
10,2,2,0,99999996,NA,5,2,23,NA,2,NA,3,5,NA,NA,2,2,7
10,2,2,0,NA,NA,NA,NA,6,NA,NA,NA,2,NA,NA,NA,NA,2,NA
10,1,1,0,NA,NA,1,2,18,1,2,NA,2,5,3,NA,1,2,15
10,1,1,0,NA,NA,1,2,18,1,2,NA,2,5,3,NA,1,2,15
10,1,1,0,NA,NA,1,2,15,99999999,2,NA,2,5,99999999,NA,1,2,15
10,1,1,0,NA,NA,NA,NA,6,NA,NA,NA,2,NA,NA,NA,NA,2,NA
10,1,2,0,NA,NA,1,2,20,NA,2,NA,3,5,NA,NA,1,2,3
10,1,2,0,NA,20000,1,2,17,NA,2,2,2,5,NA,NA,1,2,1
10,1,2,0,0,NA,6,2,19,NA,1,1,2,5,NA,NA,1,2,9
10,1,2,0,NA,15000,1,2,16,NA,2,NA,2,5,NA,NA,1,2,15
10,2,2,0,NA,NA,1,2,17,NA,2,NA,2,5,NA,NA,1,2,15
10,1,2,0,NA,NA,1,2,19,NA,2,2,3,5,NA,NA,1,2,15
10,1,2,0,NA,NA,1,2,16,NA,2,NA,2,5,NA,NA,1,2,15
10,1,2,0,NA,NA,1,2,17,NA,2,NA,2,5,NA,NA,1,2,15
10,2,2,0,NA,NA,NA,NA,6,NA,NA,NA,2,NA,NA,NA,NA,2,NA
10,1,2,0,NA,30000,1,2,19,NA,2,2,2,5,NA,NA,1,2,15
12,1,2,30000,0,NA,6,NA,21,NA,2,1,1,1,NA,5419,1,2,12
12,2,2,0,NA,NA,2,2,18,NA,2,NA,2,5,NA,NA,1,2,15
12,1,2,0,NA,15000,1,2,16,NA,2,NA,3,5,NA,NA,1,2,15
12,1,2,0,NA,NA,1,99999997,24,NA,2,NA,3,5,NA,NA,1,2,3
12,1,2,0,0,NA,1,2,19,NA,2,2,2,5,NA,NA,1,2,15
12,1,2,0,NA,NA,NA,NA,6,NA,NA,NA,2,NA,NA,NA,NA,2,NA
12,1,2,35000,5,NA,5,NA,25,NA,2,1,2,1,NA,8113,1,2,12
12,1,2,0,0,5000,1,2,17,NA,2,NA,1,5,NA,NA,1,2,15
12,1,2,24000,6,NA,5,NA,24,NA,2,1,2,1,NA,8211,1,2,12
12,2,2,0,0,NA,5,NA,18,NA,1,NA,2,1,NA,7512,1,2,12
12,1,2,0,99999996,NA,6,NA,21,NA,2,NA,2,1,NA,8111,1,2,12
12,1,2,0,2,NA,3,2,25,NA,2,1,2,5,NA,NA,1,2,9
12,2,1,8000,3,NA,6,NA,22,1,2,NA,2,2,1,2341,2,2,5
12,1,2,0,0,30000,6,2,21,NA,2,NA,2,5,NA,NA,1,2,9
12,1,2,50000,3,NA,6,NA,24,NA,2,2,2,1,NA,8211,2,2,12
12,2,2,0,NA,NA,1,2,17,NA,2,NA,2,5,NA,NA,1,2,15
12,2,2,0,NA,NA,NA,NA,6,NA,NA,NA,4,NA,NA,NA,NA,2,NA
12,2,2,0,NA,NA,2,2,19,NA,2,1,2,5,NA,NA,1,2,15
12,2,2,25000,0,NA,6,NA,20,NA,2,NA,2,1,NA,5132,1,2,12
12,1,2,0,NA,NA,1,2,19,NA,2,NA,3,5,NA,NA,1,2,15
12,2,2,0,NA,NA,1,2,16,NA,2,NA,3,5,NA,NA,1,2,15
12,2,1,0,NA,NA,1,2,19,1,2,NA,2,5,1,NA,1,2,15
12,1,2,0,NA,NA,1,2,16,NA,2,NA,2,5,NA,NA,1,2,15
12,2,2,0,NA,NA,NA,NA,6,NA,NA,NA,2,NA,NA,NA,NA,2,NA
12,1,2,0,NA,NA,NA,NA,6,NA,NA,NA,2,NA,NA,NA,NA,2,NA
12,2,2,0,NA,NA,NA,NA,6,NA,NA,NA,2,NA,NA,NA,NA,2,NA
12,2,2,0,99999996,NA,6,2,20,NA,1,2,2,5,NA,NA,1,2,13
12,2,2,0,NA,NA,1,2,17,NA,2,NA,2,5,NA,NA,1,2,15
12,1,2,0,NA,NA,NA,NA,6,NA,NA,NA,2,NA,NA,NA,NA,2,NA
12,2,2,12000,4,NA,6,NA,23,NA,2,2,2,1,NA,2310,2,2,12
12,2,2,0,NA,NA,NA,NA,6,NA,NA,NA,2,NA,NA,NA,NA,2,NA
12,2,1,16500,0,NA,6,NA,25,1,2,1,3,1,1,5223,3,2,12
12,2,2,0,0,NA,2,2,19,NA,2,99999999,3,5,NA,NA,3,2,1
12,2,2,17000,1,NA,6,NA,19,NA,2,NA,1,1,NA,3116,3,2,12
12,1,2,0,NA,NA,NA,NA,6,NA,NA,NA,2,NA,NA,NA,NA,2,NA
12,2,2,0,NA,NA,NA,NA,5,NA,NA,NA,4,NA,NA,NA,NA,2,NA
12,2,2,0,NA,NA,NA,NA,5,NA,NA,NA,3,NA,NA,NA,NA,2,NA
12,1,1,0,1,25000,6,2,21,1,1,1,2,5,3,NA,1,2,8
12,1,1,25000,4,NA,6,NA,25,1,2,1,2,1,3,8171,1,2,12
12,2,2,0,NA,NA,2,2,19,NA,2,1,2,5,NA,NA,1,2,15
14,2,1,0,NA,NA,1,2,16,99999999,2,NA,2,5,99999999,NA,1,2,1
14,2,1,0,NA,NA,1,2,17,1,2,NA,3,5,1,NA,1,2,15
14,1,2,0,1,30000,6,2,23,NA,2,1,2,5,NA,NA,1,2,8
14,2,1,0,NA,NA,1,2,18,1,2,NA,2,5,2,NA,1,2,15
14,2,1,0,NA,NA,NA,NA,6,NA,NA,NA,3,NA,NA,NA,NA,2,NA
14,2,2,0,NA,NA,NA,NA,5,NA,NA,NA,2,NA,NA,NA,NA,2,NA
14,1,1,0,NA,NA,1,2,18,1,2,1,2,5,1,NA,3,2,15
14,2,1,0,NA,NA,NA,NA,6,NA,NA,NA,2,NA,NA,NA,NA,2,NA
14,2,2,0,NA,NA,NA,NA,6,NA,NA,NA,2,NA,NA,NA,NA,2,NA
14,1,2,23600,1,NA,10,NA,25,NA,2,2,3,1,NA,8322,1,2,12
14,1,1,0,NA,NA,NA,NA,5,NA,NA,NA,2,NA,NA,NA,NA,2,NA
14,1,2,0,0,10000,4,2,22,NA,2,1,2,5,NA,NA,1,2,9
14,2,1,0,NA,NA,1,2,17,1,2,NA,2,5,3,NA,1,2,15
14,1,2,18000,99999996,NA,1,NA,23,NA,2,2,2,1,NA,5419,1,2,12
14,1,2,0,NA,NA,NA,NA,6,NA,NA,NA,2,NA,NA,NA,NA,2,NA
14,1,2,0,99999996,NA,5,2,21,NA,2,2,3,5,NA,NA,1,2,9
33,1,2,17200,3,NA,6,NA,23,NA,2,1,2,1,NA,5412,1,2,12
33,1,2,17200,3,NA,6,NA,23,NA,2,1,2,1,NA,5412,1,2,12
33,1,2,0,NA,NA,NA,NA,6,NA,NA,NA,3,NA,NA,NA,NA,2,NA
33,1,2,99999999,4,NA,6,NA,24,NA,2,1,2,1,NA,2330,1,2,12
33,1,2,0,NA,NA,1,2,19,NA,2,1,3,5,NA,NA,1,2,15
33,1,2,0,NA,NA,1,2,16,NA,2,1,3,5,NA,NA,1,2,15
33,2,2,0,NA,NA,1,2,17,NA,2,NA,2,5,NA,NA,1,2,15
33,1,2,0,NA,NA,NA,NA,6,NA,NA,NA,2,NA,NA,NA,NA,2,NA
33,1,1,0,NA,NA,NA,NA,7,NA,NA,NA,2,NA,NA,NA,NA,2,NA
33,2,2,0,NA,NA,1,2,15,NA,2,1,2,5,NA,NA,1,2,15
33,2,1,0,NA,NA,1,2,18,1,1,NA,2,5,1,NA,1,2,15
33,2,1,0,NA,NA,2,2,18,1,2,2,2,5,3,NA,1,2,15
33,1,2,0,NA,10000,1,2,24,NA,2,1,3,5,NA,NA,1,2,3
33,1,2,0,NA,10000,1,2,20,NA,2,1,3,5,NA,NA,1,2,8
33,1,1,17000,2,40000,6,NA,25,1,2,1,3,1,3,9629,1,2,12
33,2,2,0,NA,NA,NA,NA,6,NA,NA,NA,2,NA,NA,NA,NA,2,NA
33,2,1,6000,2,NA,6,NA,23,1,2,NA,1,1,3,5223,2,2,12
33,2,1,25000,0,NA,6,NA,20,1,2,1,2,1,1,3221,1,2,12
33,2,2,9000,1,30000,5,NA,25,NA,2,1,2,1,NA,9121,2,2,12
33,1,2,0,NA,NA,NA,NA,6,NA,NA,NA,2,NA,NA,NA,NA,2,NA
33,2,1,0,NA,NA,NA,NA,6,NA,NA,NA,2,NA,NA,NA,NA,2,NA
33,2,2,17000,0,25000,6,NA,20,NA,2,2,2,1,NA,2433,1,2,12
39,1,2,0,4,NA,6,NA,24,NA,2,NA,3,1,NA,8,3,2,13
39,2,2,0,NA,NA,1,2,19,NA,2,NA,3,5,NA,NA,1,2,15
39,2,2,0,NA,NA,1,2,20,NA,2,NA,2,5,NA,NA,1,2,9
39,1,2,0,NA,NA,NA,NA,6,NA,NA,NA,3,NA,NA,NA,NA,2,NA
39,2,2,0,NA,NA,NA,NA,7,NA,NA,NA,2,NA,NA,NA,NA,2,NA
39,2,2,0,NA,NA,NA,NA,6,NA,NA,NA,2,NA,NA,NA,NA,2,NA
39,1,1,0,NA,NA,3,2,18,1,2,1,3,5,1,NA,1,2,1
39,1,1,0,NA,NA,NA,NA,6,NA,NA,NA,2,NA,NA,NA,NA,2,NA
39,2,2,0,NA,NA,1,2,17,NA,2,NA,2,5,NA,NA,1,2,15
39,2,1,0,NA,NA,1,2,19,1,2,NA,2,5,3,NA,1,2,7
39,2,2,0,NA,NA,1,2,17,NA,2,NA,3,5,NA,NA,1,2,15
39,2,2,0,NA,15000,1,2,18,NA,2,NA,2,5,NA,NA,1,2,8
39,2,2,0,NA,NA,NA,NA,5,NA,NA,NA,1,NA,NA,NA,NA,2,NA
39,1,2,60000,3,NA,6,NA,21,NA,2,NA,1,1,NA,8311,3,2,12
39,1,1,0,NA,NA,1,2,16,99999999,2,NA,2,5,99999999,NA,1,2,15
39,1,2,0,NA,NA,NA,NA,5,NA,NA,NA,2,NA,NA,NA,NA,2,NA
39,1,2,0,NA,NA,1,2,17,NA,2,NA,2,5,NA,NA,1,2,15
39,2,2,0,NA,NA,NA,NA,6,NA,NA,NA,2,NA,NA,NA,NA,2,NA
39,1,1,0,NA,NA,1,2,17,1,2,NA,2,5,1,NA,1,2,15
39,2,2,0,NA,NA,1,2,16,NA,2,NA,2,5,NA,NA,1,2,15
39,2,2,99999997,0,NA,6,NA,22,NA,2,NA,3,1,NA,2341,2,2,12
39,2,2,0,0,NA,6,NA,20,NA,2,NA,3,1,NA,5223,1,2,13
39,1,2,0,NA,NA,NA,NA,10,NA,NA,NA,3,NA,NA,NA,NA,2,NA
39,1,2,0,NA,NA,1,2,16,NA,2,NA,2,5,NA,NA,1,2,15
39,1,2,0,NA,NA,NA,NA,5,NA,NA,NA,2,NA,NA,NA,NA,2,NA
39,2,2,0,NA,NA,NA,NA,6,NA,NA,NA,2,NA,NA,NA,NA,2,NA
39,1,2,0,NA,NA,1,2,17,NA,2,NA,4,5,NA,NA,1,2,9
39,1,1,0,NA,NA,1,2,19,1,2,NA,3,5,3,NA,1,2,15
39,1,1,40000,2,NA,1,NA,24,99999999,2,NA,2,1,1,4321,1,2,12
39,1,1,0,NA,NA,NA,NA,6,NA,NA,NA,2,NA,NA,NA,NA,2,NA
45,1,2,0,NA,NA,6,2,21,NA,2,NA,2,5,NA,NA,1,2,16
45,1,2,0,NA,15000,1,2,16,NA,2,NA,2,5,NA,NA,1,2,15
45,1,2,0,NA,NA,1,2,17,NA,2,NA,2,5,NA,NA,1,2,15
45,1,2,0,NA,NA,NA,NA,6,NA,NA,NA,2,NA,NA,NA,NA,2,NA
45,1,2,0,NA,NA,NA,NA,6,NA,NA,NA,2,NA,NA,NA,NA,2,NA
45,1,2,50000,1,NA,6,NA,20,NA,2,NA,2,1,NA,7122,1,2,12
45,1,2,0,NA,NA,1,2,17,NA,2,NA,2,5,NA,NA,1,2,1
45,2,2,18000,5,NA,5,NA,24,NA,2,2,2,1,NA,9321,1,2,12
45,2,2,0,NA,NA,1,2,18,NA,2,NA,3,5,NA,NA,1,2,15
45,2,2,0,NA,NA,NA,NA,6,NA,NA,NA,2,NA,NA,NA,NA,2,NA
45,1,2,0,NA,NA,1,2,18,NA,2,NA,2,5,NA,NA,1,2,9
45,1,2,99999997,99999996,NA,1,NA,16,NA,2,NA,2,1,NA,7126,1,2,12
45,2,2,0,NA,NA,NA,NA,5,NA,NA,NA,2,NA,NA,NA,NA,2,NA
45,1,2,0,NA,NA,6,2,20,NA,1,NA,2,5,NA,NA,1,2,9
45,1,2,0,NA,NA,NA,NA,6,NA,NA,NA,2,NA,NA,NA,NA,2,NA
45,1,2,0,NA,NA,NA,NA,6,NA,NA,NA,2,NA,NA,NA,NA,2,NA
45,1,1,25000,1,40000,6,NA,22,1,2,2,3,1,1,9313,1,2,12
45,2,99999999,0,99999996,NA,1,2,18,NA,2,2,2,5,NA,NA,3,2,15
45,1,1,25000,1,NA,2,NA,21,1,2,2,2,1,3,3343,3,2,12
45,1,2,23000,99999996,NA,6,NA,22,NA,2,1,2,1,NA,4321,1,2,12
45,1,2,25000,5,60000,11,NA,25,NA,2,2,3,1,NA,5222,1,2,12
45,2,2,0,NA,25000,1,2,18,NA,2,NA,2,5,NA,NA,1,2,15
45,2,2,0,NA,NA,1,2,16,NA,2,NA,3,5,NA,NA,1,2,15
45,2,2,0,NA,NA,1,2,17,NA,2,NA,3,5,NA,NA,1,2,15
45,1,2,0,NA,10000,1,2,16,NA,2,NA,3,5,NA,NA,1,2,15
45,1,2,0,NA,NA,1,2,17,NA,2,NA,2,5,NA,NA,1,2,15
45,1,2,0,NA,NA,NA,NA,6,NA,NA,NA,2,NA,NA,NA,NA,2,NA
45,1,1,99999997,0,NA,1,NA,23,1,2,1,2,1,3,8332,1,2,12
45,1,1,0,NA,NA,NA,NA,6,NA,NA,NA,3,NA,NA,NA,NA,2,NA
45,1,2,0,NA,NA,NA,NA,6,NA,NA,NA,2,NA,NA,NA,NA,2,NA
45,2,2,0,NA,NA,NA,NA,6,NA,NA,NA,3,NA,NA,NA,NA,2,NA
45,2,2,0,NA,NA,NA,NA,6,NA,NA,NA,2,NA,NA,NA,NA,2,NA
45,1,2,40000,5,NA,1,NA,22,NA,2,NA,2,1,NA,5120,3,2,12
45,1,2,0,NA,NA,NA,NA,6,NA,NA,NA,2,NA,NA,NA,NA,2,NA
45,1,2,0,NA,NA,NA,NA,6,NA,NA,NA,2,NA,NA,NA,NA,2,NA
45,1,1,24000,2,35000,6,NA,22,1,2,NA,2,1,3,8332,2,2,12
45,2,2,8000,5,NA,5,NA,24,NA,2,NA,2,2,NA,2141,2,2,6
45,2,2,0,NA,NA,NA,NA,6,NA,NA,NA,2,NA,NA,NA,NA,2,NA
45,1,1,0,NA,NA,NA,NA,6,NA,NA,NA,2,NA,NA,NA,NA,2,NA
46,1,2,0,NA,NA,NA,NA,6,NA,NA,NA,3,NA,NA,NA,NA,2,NA
46,1,2,0,NA,NA,NA,NA,6,NA,NA,NA,2,NA,NA,NA,NA,2,NA
46,1,2,0,NA,20000,1,2,19,NA,2,1,2,5,NA,NA,1,2,15
46,2,2,0,NA,NA,NA,NA,7,NA,NA,NA,2,NA,NA,NA,NA,2,NA
46,2,2,0,NA,NA,1,2,17,NA,2,NA,3,5,NA,NA,1,2,15
46,1,2,0,NA,NA,NA,NA,6,NA,NA,NA,3,NA,NA,NA,NA,2,NA
46,1,2,0,NA,NA,1,2,21,NA,2,NA,2,5,NA,NA,3,2,15
46,2,2,0,NA,NA,NA,NA,7,NA,NA,NA,2,NA,NA,NA,NA,2,NA
46,1,2,0,NA,NA,NA,NA,6,NA,NA,NA,2,NA,NA,NA,NA,2,NA
46,1,2,0,NA,NA,1,2,17,NA,2,NA,2,5,NA,NA,1,2,15
46,1,2,0,NA,NA,NA,NA,6,NA,NA,NA,2,NA,NA,NA,NA,2,NA
46,2,2,0,NA,NA,NA,NA,6,NA,NA,NA,2,NA,NA,NA,NA,2,NA
46,2,2,0,NA,NA,NA,NA,6,NA,NA,NA,3,NA,NA,NA,NA,2,NA
47,1,2,0,NA,NA,NA,NA,5,NA,NA,NA,2,NA,NA,NA,NA,2,NA
47,1,2,0,99999996,NA,6,NA,20,NA,2,NA,1,1,NA,2514,1,2,12
47,1,2,0,NA,NA,1,2,18,NA,2,NA,1,5,NA,NA,1,2,15
47,1,2,0,1,10000,5,2,23,NA,2,NA,2,5,NA,NA,1,2,8
47,2,1,0,NA,NA,NA,NA,6,NA,NA,NA,1,NA,NA,NA,NA,2,NA
47,2,2,0,NA,NA,NA,NA,6,NA,NA,NA,1,NA,NA,NA,NA,2,NA
47,1,2,0,NA,NA,NA,NA,6,NA,NA,NA,1,NA,NA,NA,NA,2,NA
47,1,1,0,NA,NA,1,2,16,1,2,NA,2,5,2,NA,1,2,15
47,1,1,0,NA,NA,1,2,16,1,2,NA,2,5,2,NA,1,2,15
47,2,2,0,NA,NA,NA,NA,7,NA,NA,NA,2,NA,NA,NA,NA,2,NA
47,1,2,0,1,NA,5,2,25,NA,2,1,2,5,NA,NA,1,2,9
47,1,2,0,NA,NA,NA,NA,6,NA,NA,NA,1,NA,NA,NA,NA,2,NA
47,1,2,0,NA,16000,6,2,21,NA,2,NA,1,5,NA,NA,1,2,8
47,2,2,0,NA,NA,NA,NA,6,NA,NA,NA,1,NA,NA,NA,NA,2,NA
47,1,2,0,NA,NA,NA,NA,6,NA,NA,NA,4,NA,NA,NA,NA,2,NA
47,1,2,0,NA,NA,NA,NA,7,NA,NA,NA,2,NA,NA,NA,NA,2,NA
47,1,2,0,NA,NA,1,2,18,NA,2,NA,2,5,NA,NA,1,2,15
47,1,2,0,NA,NA,NA,NA,5,NA,NA,NA,2,NA,NA,NA,NA,2,NA
47,1,2,0,NA,NA,NA,NA,6,NA,NA,NA,2,NA,NA,NA,NA,2,NA
47,2,2,0,NA,NA,NA,NA,6,NA,NA,NA,2,NA,NA,NA,NA,2,NA
47,1,2,0,3,NA,6,2,23,NA,2,NA,2,5,NA,NA,3,2,16
47,1,2,0,NA,NA,NA,NA,6,NA,NA,NA,99999997,NA,NA,NA,NA,2,NA
48,1,2,99999997,0,NA,1,NA,19,NA,2,2,2,1,NA,7212,1,2,12
48,1,1,18000,3,NA,5,NA,25,1,2,NA,2,1,3,7223,1,2,12
48,1,2,99999997,0,NA,6,NA,20,NA,2,NA,2,1,NA,2433,1,2,12
48,1,2,0,NA,NA,NA,NA,6,NA,NA,NA,2,NA,NA,NA,NA,2,NA
48,2,2,0,NA,NA,NA,NA,6,NA,NA,NA,2,NA,NA,NA,NA,2,NA
48,1,2,0,NA,NA,1,2,16,NA,2,NA,2,5,NA,NA,1,2,1
48,1,2,0,NA,30000,5,2,20,NA,2,NA,2,5,NA,NA,1,2,9
48,2,2,0,NA,NA,5,2,19,NA,2,NA,1,5,NA,NA,2,2,7
48,1,1,40000,3,45000,5,NA,25,7,2,1,2,1,1,8211,1,2,12
48,1,2,0,NA,NA,1,2,17,NA,2,NA,2,5,NA,NA,1,2,15
48,2,1,0,NA,NA,6,2,20,1,2,NA,3,5,3,NA,2,2,7
48,1,1,0,5,40000,5,NA,25,1,2,NA,3,1,3,7123,2,2,13
48,1,2,0,NA,NA,6,2,20,NA,2,NA,3,5,NA,NA,1,2,9
48,1,2,0,NA,NA,NA,NA,6,NA,NA,NA,4,NA,NA,NA,NA,2,NA
48,2,2,0,NA,NA,1,2,15,NA,2,NA,3,5,NA,NA,1,2,1
48,2,2,99999997,0,NA,1,NA,19,NA,2,1,3,1,NA,5131,1,2,12
48,1,2,10500,0,NA,5,NA,20,NA,2,2,2,1,NA,7231,1,2,12
48,1,2,40000,1,NA,5,NA,21,NA,2,2,2,1,NA,7212,1,2,12
48,2,2,0,NA,NA,1,2,16,NA,2,NA,2,5,NA,NA,1,2,15
48,1,2,0,NA,NA,NA,NA,5,NA,NA,NA,2,NA,NA,NA,NA,2,NA
48,1,1,0,NA,25000,6,2,18,1,2,2,2,5,3,NA,1,2,9
48,2,1,15000,6,30000,6,NA,24,1,2,1,3,1,2,4321,2,2,12
48,2,1,0,NA,NA,1,2,17,1,2,NA,2,5,3,NA,1,2,1
52,1,2,0,NA,NA,NA,NA,7,NA,NA,NA,3,NA,NA,NA,NA,2,NA
52,1,2,0,NA,NA,1,2,16,NA,2,NA,3,5,NA,NA,1,2,15
52,2,2,45000,3,NA,11,NA,23,NA,2,NA,2,1,NA,3322,1,2,12
52,2,2,0,NA,15000,1,2,16,NA,2,NA,2,5,NA,NA,1,2,1
52,1,2,0,NA,NA,NA,NA,6,NA,NA,NA,2,NA,NA,NA,NA,2,NA
52,1,1,0,NA,NA,NA,NA,6,NA,NA,NA,2,NA,NA,NA,NA,2,NA
52,2,1,17000,7,NA,1,NA,24,1,2,NA,2,1,3,5230,3,2,12
52,2,2,0,NA,NA,1,2,18,NA,2,NA,2,5,NA,NA,1,2,15
52,1,1,0,99999996,25000,3,2,22,5,2,NA,2,5,3,NA,1,2,8
52,2,1,0,NA,NA,1,2,20,1,2,NA,2,5,3,NA,2,2,7
52,1,1,20000,99999996,NA,3,NA,25,5,2,NA,2,1,3,8332,2,2,12
52,2,2,0,NA,NA,NA,NA,6,NA,NA,NA,2,NA,NA,NA,NA,2,NA
52,1,2,0,NA,NA,NA,NA,6,NA,NA,NA,2,NA,NA,NA,NA,2,NA
52,2,2,30000,2,NA,6,NA,23,NA,2,NA,2,1,NA,5120,1,2,12
52,1,2,0,2,NA,6,NA,25,NA,2,1,2,1,NA,9629,1,2,13
52,1,2,0,NA,25000,6,2,19,NA,2,NA,2,5,NA,NA,1,2,8
52,1,2,0,NA,NA,NA,NA,6,NA,NA,NA,2,NA,NA,NA,NA,2,NA
52,1,1,0,NA,NA,NA,NA,6,NA,NA,NA,2,NA,NA,NA,NA,2,NA
52,1,2,18000,0,NA,6,NA,22,NA,2,2,2,1,NA,7223,1,2,12
52,1,2,0,NA,NA,NA,NA,6,NA,NA,NA,2,NA,NA,NA,NA,2,NA
52,1,2,15000,0,NA,1,NA,19,NA,2,NA,2,1,NA,5230,1,2,15
52,2,2,0,NA,NA,NA,NA,6,NA,NA,NA,3,NA,NA,NA,NA,2,NA
52,2,2,0,NA,10000,1,2,16,NA,2,NA,2,5,NA,NA,1,2,15
52,1,2,0,NA,17500,1,2,16,NA,2,NA,1,5,NA,NA,1,2,1
52,1,2,0,NA,NA,1,2,17,NA,2,NA,2,5,NA,NA,1,2,15
52,1,1,20000,3,NA,5,NA,22,5,2,2,2,1,1,7535,1,2,12
52,1,2,13000,2,30000,6,NA,23,NA,2,NA,3,1,NA,8332,1,2,12
52,1,1,30000,99999996,NA,6,NA,21,1,2,1,2,1,1,8332,3,2,12
52,1,2,0,NA,NA,NA,NA,6,NA,NA,NA,2,NA,NA,NA,NA,2,NA
52,1,2,0,NA,NA,NA,NA,6,NA,NA,NA,2,NA,NA,NA,NA,2,NA
52,2,1,0,NA,NA,3,2,21,1,2,NA,2,5,2,NA,1,2,7
52,2,2,0,NA,NA,NA,NA,6,NA,NA,NA,4,NA,NA,NA,NA,2,NA
52,2,1,6500,1,15000,6,NA,22,1,2,2,2,2,1,4120,2,2,6
52,1,2,0,NA,NA,1,2,18,NA,2,NA,2,5,NA,NA,1,2,15
52,1,1,18000,3,NA,1,NA,25,1,2,2,2,1,3,8343,3,2,12
52,2,1,12000,1,20000,5,NA,20,1,2,NA,2,1,1,3343,3,2,12
52,1,2,15000,1,NA,6,NA,20,NA,2,NA,2,1,NA,8332,3,2,12
52,2,1,15000,4,NA,6,NA,24,1,2,NA,2,1,1,4323,3,2,12
52,1,2,30000,4,NA,5,NA,25,NA,2,2,99999999,1,NA,7121,1,2,12
58,2,2,0,NA,NA,1,2,18,NA,2,NA,3,5,NA,NA,1,2,3
58,2,1,0,NA,NA,NA,NA,6,NA,NA,NA,2,NA,NA,NA,NA,2,NA
58,1,1,0,NA,30000,1,2,19,1,2,NA,2,5,3,NA,1,2,9
58,2,1,0,1,NA,6,NA,21,1,2,NA,3,1,3,2359,2,2,12
58,1,1,0,NA,30000,6,2,23,1,1,NA,2,5,3,NA,1,2,9
58,1,2,0,NA,NA,1,2,17,NA,2,NA,3,5,NA,NA,1,2,15
58,2,1,0,NA,NA,1,2,19,1,2,2,2,5,3,NA,4,2,7
58,1,2,0,NA,NA,NA,NA,6,NA,NA,NA,2,NA,NA,NA,NA,2,NA
58,1,2,0,NA,NA,1,2,17,NA,2,NA,2,5,NA,NA,1,2,15
66,2,1,0,NA,NA,1,2,17,99999999,2,NA,4,5,99999999,NA,1,2,15
66,2,1,25000,1,NA,5,NA,20,1,2,1,2,1,2,5223,3,2,12
66,2,2,0,NA,NA,NA,NA,6,NA,NA,NA,3,NA,NA,NA,NA,2,NA
66,1,1,0,1,30000,6,2,22,1,2,NA,2,5,1,NA,1,2,8
66,2,2,0,NA,NA,1,2,17,NA,2,2,3,5,NA,NA,1,2,15
66,2,2,0,NA,8000,1,2,17,NA,2,NA,4,5,NA,NA,1,2,15
66,1,2,30000,3,NA,6,NA,22,NA,2,1,2,1,NA,8211,1,2,12
66,1,1,24000,1,40000,6,NA,20,1,2,1,3,1,2,7223,1,2,12
66,2,2,0,NA,NA,NA,NA,6,NA,NA,NA,3,NA,NA,NA,NA,2,NA
66,2,2,0,NA,NA,NA,NA,6,NA,NA,NA,3,NA,NA,NA,NA,2,NA
66,2,2,0,NA,35000,1,2,17,NA,2,NA,4,5,NA,NA,1,2,15
66,2,2,0,0,NA,1,2,17,NA,2,2,2,5,NA,NA,1,2,15
66,1,2,0,NA,25000,1,2,17,NA,1,NA,3,5,NA,NA,1,2,15
66,2,2,0,NA,NA,NA,NA,6,NA,NA,NA,2,NA,NA,NA,NA,2,NA
66,1,1,0,1,NA,4,NA,25,1,1,1,3,1,3,9313,1,2,13
66,1,2,0,NA,NA,NA,NA,6,NA,NA,NA,2,NA,NA,NA,NA,2,NA
66,1,2,0,NA,NA,NA,NA,6,NA,NA,NA,3,NA,NA,NA,NA,2,NA
66,2,1,35000,5,NA,1,NA,25,1,2,1,3,1,3,3343,1,2,12
66,1,2,0,NA,NA,NA,NA,6,NA,NA,NA,2,NA,NA,NA,NA,2,NA
66,1,2,0,5,30000,5,2,24,NA,1,1,2,5,NA,NA,1,2,8
67,2,2,0,NA,NA,1,2,16,NA,2,NA,2,5,NA,NA,1,2,15
67,2,2,10000,4,NA,6,NA,22,NA,2,NA,2,1,NA,5222,1,2,12
67,2,2,24000,4,NA,6,NA,24,NA,2,NA,2,1,NA,3313,1,2,12
67,1,2,20000,3,NA,6,NA,23,NA,2,NA,3,1,NA,9629,1,2,12
67,2,2,0,NA,NA,2,2,19,NA,2,NA,3,5,NA,NA,1,2,15
67,2,2,99999997,0,NA,1,NA,19,NA,2,NA,2,1,NA,4110,1,2,12
67,2,2,0,NA,NA,1,2,16,NA,2,NA,2,5,NA,NA,1,2,15
67,2,2,0,99999996,NA,1,2,19,NA,2,NA,1,5,NA,NA,1,2,15
67,1,2,0,NA,NA,1,2,17,NA,2,NA,2,5,NA,NA,1,2,15
67,2,2,0,NA,NA,1,2,17,NA,2,1,2,5,NA,NA,3,2,15
67,1,2,0,NA,30000,1,2,20,NA,2,1,2,5,NA,NA,3,2,9
67,1,1,0,NA,NA,1,2,17,1,2,NA,2,5,1,NA,1,2,15
67,1,1,0,NA,NA,1,2,18,1,2,NA,2,5,2,NA,1,2,1
67,2,2,0,NA,NA,1,2,16,NA,2,NA,2,5,NA,NA,1,2,15
67,2,2,0,NA,NA,1,2,16,NA,2,NA,2,5,NA,NA,1,2,15
67,2,2,0,NA,NA,1,2,18,NA,2,NA,2,5,NA,NA,1,2,15
67,1,1,0,NA,NA,2,2,19,1,2,NA,2,5,1,NA,1,2,15
67,1,2,0,NA,NA,NA,NA,5,NA,NA,NA,3,NA,NA,NA,NA,2,NA
70,2,2,0,NA,NA,1,2,16,NA,2,2,3,5,NA,NA,1,2,15
70,1,2,30000,3,30000,6,NA,25,NA,2,2,3,1,NA,2433,1,2,12
70,1,2,0,NA,NA,NA,NA,5,NA,NA,NA,2,NA,NA,NA,NA,2,NA
70,2,2,100000,99999996,NA,6,NA,24,NA,2,1,3,1,NA,5141,2,2,11
70,1,2,0,NA,NA,NA,NA,6,NA,NA,NA,2,NA,NA,NA,NA,2,NA
70,2,2,0,NA,NA,1,2,16,NA,2,NA,2,5,NA,NA,1,2,15
70,1,2,0,NA,NA,NA,NA,6,NA,NA,NA,2,NA,NA,NA,NA,2,NA
70,1,2,0,0,20000,1,2,16,NA,2,1,2,5,NA,NA,1,2,15
70,2,2,0,NA,NA,1,2,18,NA,2,1,3,5,NA,NA,1,2,15
70,2,2,0,NA,NA,NA,NA,6,NA,NA,NA,2,NA,NA,NA,NA,2,NA
70,1,2,0,NA,NA,1,2,16,NA,1,NA,2,5,NA,NA,1,2,15
70,2,2,0,NA,NA,1,2,17,NA,2,NA,1,5,NA,NA,1,2,15
70,1,1,0,NA,NA,1,2,17,99999999,2,NA,2,5,99999999,NA,1,2,1
70,1,2,30000,0,NA,6,NA,23,NA,2,1,2,1,NA,1412,3,2,12
70,2,2,0,2,20000,13,NA,25,NA,2,2,3,2,NA,9412,2,2,5
70,2,2,0,NA,NA,NA,NA,6,NA,NA,NA,2,NA,NA,NA,NA,2,NA
71,1,2,0,NA,NA,NA,NA,6,NA,NA,NA,2,NA,NA,NA,NA,2,NA
71,2,2,13000,0,15000,5,NA,21,NA,2,2,2,1,NA,5141,4,2,12
71,2,2,0,99999996,NA,6,2,20,NA,2,1,2,5,NA,NA,3,2,16
71,2,2,0,NA,NA,NA,NA,5,NA,NA,NA,2,NA,NA,NA,NA,2,NA
71,1,2,0,99999996,19000,6,2,19,NA,2,NA,2,5,NA,NA,1,2,8
71,2,1,0,NA,NA,1,2,20,1,2,1,3,5,1,NA,1,2,1
71,2,2,0,NA,18000,1,2,19,NA,2,1,3,5,NA,NA,1,2,8
71,2,2,20000,99999996,30000,6,NA,23,NA,2,1,2,1,NA,5120,1,2,12
71,1,2,0,99999996,NA,1,2,16,NA,2,NA,2,5,NA,NA,1,2,15
71,2,2,0,NA,NA,NA,NA,6,NA,NA,NA,2,NA,NA,NA,NA,2,NA
71,1,2,0,NA,NA,NA,NA,6,NA,NA,NA,2,NA,NA,NA,NA,2,NA
71,2,1,0,NA,10000,1,2,22,1,2,NA,3,5,3,NA,1,2,8
71,1,2,0,NA,NA,NA,NA,6,NA,NA,NA,2,NA,NA,NA,NA,2,NA
71,2,2,0,NA,NA,1,2,17,NA,2,NA,2,5,NA,NA,1,2,15
71,2,1,0,NA,30000,1,2,22,1,2,NA,2,5,3,NA,3,2,7
71,1,1,0,NA,NA,1,2,17,1,2,NA,3,5,1,NA,1,2,15
71,2,1,0,5,NA,6,NA,24,1,2,1,2,2,3,3221,2,2,6
71,1,2,0,NA,NA,NA,NA,5,NA,NA,NA,2,NA,NA,NA,NA,2,NA
71,2,1,30000,3,NA,6,NA,25,1,1,1,3,1,3,3343,1,2,12
71,1,1,0,99999996,13000,1,2,17,7,2,NA,2,5,1,NA,1,2,15
71,2,1,0,NA,NA,6,2,23,1,2,2,2,5,1,NA,1,2,16
71,1,2,0,0,NA,3,NA,21,NA,2,NA,1,1,NA,5221,3,2,11
71,2,1,0,NA,NA,1,2,20,1,2,1,2,5,3,NA,3,2,15
72,1,2,22000,3,NA,6,NA,25,NA,2,2,2,1,NA,8122,1,2,12
72,1,2,22000,2,NA,5,NA,22,NA,2,NA,3,1,NA,8343,1,2,12
72,1,2,15000,4,NA,6,NA,24,NA,2,2,3,1,NA,8311,1,2,12
72,1,2,18000,3,NA,5,NA,24,NA,2,2,3,1,NA,9412,1,2,12
72,2,2,0,NA,20000,6,2,20,NA,2,NA,3,5,NA,NA,1,2,8
72,1,2,0,NA,NA,NA,NA,6,NA,NA,NA,2,NA,NA,NA,NA,2,NA
72,1,2,0,NA,NA,1,2,18,NA,2,NA,2,5,NA,NA,1,2,15
72,1,2,0,NA,NA,1,2,18,NA,2,1,3,5,NA,NA,1,2,9
72,1,2,0,NA,NA,NA,NA,6,NA,NA,NA,2,NA,NA,NA,NA,2,NA
72,2,2,0,NA,NA,NA,NA,6,NA,NA,NA,2,NA,NA,NA,NA,2,NA
73,2,2,0,NA,NA,1,2,17,NA,2,2,2,5,NA,NA,1,2,15
73,2,2,0,NA,NA,1,2,19,NA,2,1,3,5,NA,NA,1,2,3
73,1,2,0,0,NA,6,NA,19,NA,2,1,2,1,NA,9313,1,2,13
73,2,2,0,NA,NA,NA,NA,6,NA,NA,NA,2,NA,NA,NA,NA,2,NA
73,2,2,0,NA,NA,1,2,17,NA,2,2,2,5,NA,NA,1,2,15
73,1,1,0,NA,NA,NA,NA,7,NA,NA,NA,4,NA,NA,NA,NA,2,NA
73,1,2,0,NA,NA,1,2,18,NA,2,NA,2,5,NA,NA,1,2,15
73,2,1,0,0,25000,1,2,24,1,2,1,3,5,3,NA,2,2,9
73,2,1,0,NA,NA,NA,NA,6,NA,NA,NA,2,NA,NA,NA,NA,2,NA
73,1,1,0,NA,10000,1,2,18,1,1,2,2,5,1,NA,1,2,9
73,1,1,0,NA,NA,NA,NA,6,NA,NA,NA,2,NA,NA,NA,NA,2,NA
73,2,1,0,NA,NA,1,2,19,1,2,2,2,5,1,NA,1,2,15
73,2,2,15000,2,NA,2,NA,21,NA,2,2,2,1,NA,5120,1,2,12
73,1,1,0,NA,NA,1,2,17,1,2,1,4,5,1,NA,1,2,15
73,1,1,0,NA,NA,1,2,17,1,2,1,3,5,1,NA,1,2,15
73,2,2,0,NA,NA,1,2,23,NA,2,NA,2,5,NA,NA,3,2,7
73,1,2,42000,3,NA,5,NA,25,NA,2,2,2,1,NA,8341,3,2,12
73,2,2,0,NA,NA,2,2,24,NA,1,NA,3,5,NA,NA,1,2,3
73,2,1,18000,9,NA,6,NA,25,7,2,NA,2,1,2,2359,4,2,12
73,1,1,0,NA,NA,1,2,16,1,2,NA,2,5,3,NA,1,2,15
73,2,99999999,0,NA,NA,2,2,21,NA,2,NA,2,5,NA,NA,2,2,7
73,2,1,99999997,99999996,NA,5,NA,24,1,2,2,3,1,3,5142,2,2,12
73,2,2,0,NA,NA,1,2,18,NA,2,NA,3,5,NA,NA,1,2,15
73,2,1,0,NA,NA,1,2,17,1,2,NA,2,5,3,NA,1,2,1
73,2,1,0,NA,NA,1,2,18,1,2,NA,2,5,3,NA,1,2,15
73,1,2,22000,0,NA,6,NA,22,NA,2,NA,2,1,NA,2514,1,2,12
77,1,2,0,NA,NA,5,99999998,21,NA,1,NA,2,5,NA,NA,1,2,12
77,2,2,0,NA,NA,NA,NA,7,NA,NA,NA,2,NA,NA,NA,NA,2,NA
77,2,2,0,NA,NA,1,2,25,NA,1,NA,2,5,NA,NA,1,2,9
77,1,2,0,NA,NA,NA,NA,6,NA,NA,NA,2,NA,NA,NA,NA,2,NA
77,2,2,0,NA,NA,NA,NA,6,NA,NA,NA,2,NA,NA,NA,NA,2,NA
77,1,2,0,NA,NA,NA,NA,5,NA,NA,NA,2,NA,NA,NA,NA,2,NA
84,2,2,0,NA,NA,NA,NA,5,NA,NA,NA,2,NA,NA,NA,NA,2,NA
84,2,2,0,NA,NA,NA,NA,9,NA,NA,NA,3,NA,NA,NA,NA,2,NA
84,1,2,0,NA,NA,NA,NA,5,NA,NA,NA,2,NA,NA,NA,NA,2,NA
84,1,2,0,NA,NA,1,2,16,NA,2,NA,2,5,NA,NA,1,2,15
84,2,2,0,NA,NA,1,2,16,NA,2,NA,2,5,NA,NA,1,2,15
84,1,2,0,NA,25000,5,2,19,NA,2,1,3,5,NA,NA,1,2,8
84,2,1,0,NA,NA,1,2,24,1,2,2,3,5,3,NA,2,2,7
84,1,2,20000,5,NA,1,NA,22,NA,2,2,2,1,NA,9212,2,2,12
84,2,2,0,NA,NA,NA,NA,6,NA,NA,NA,3,NA,NA,NA,NA,2,NA
84,2,2,0,NA,NA,1,2,19,NA,2,NA,3,5,NA,NA,1,2,15
84,1,2,0,NA,NA,NA,NA,6,NA,NA,NA,3,NA,NA,NA,NA,2,NA
84,1,2,0,0,30000,5,2,19,NA,2,NA,2,5,NA,NA,1,2,8
84,2,2,0,NA,NA,1,2,15,NA,2,2,3,5,NA,NA,1,2,1
84,2,2,0,NA,NA,NA,NA,6,NA,NA,NA,2,NA,NA,NA,NA,2,NA
84,2,2,0,NA,NA,NA,NA,5,NA,NA,NA,2,NA,NA,NA,NA,2,NA
84,2,2,0,NA,NA,NA,NA,6,NA,NA,NA,2,NA,NA,NA,NA,2,NA
84,2,1,0,99999996,NA,1,2,19,1,1,1,3,5,3,NA,1,2,15
84,2,2,0,NA,NA,NA,NA,5,NA,NA,NA,2,NA,NA,NA,NA,2,NA
84,2,2,0,NA,NA,5,2,22,NA,2,1,2,5,NA,NA,1,2,16
84,1,2,16000,99999996,NA,1,NA,24,NA,2,1,2,1,NA,9333,3,2,12
84,2,1,0,NA,NA,1,2,22,1,2,2,2,5,2,NA,3,2,7
84,1,2,0,NA,NA,NA,NA,6,NA,NA,NA,2,NA,NA,NA,NA,2,NA
89,2,2,0,NA,NA,NA,NA,6,NA,NA,NA,3,NA,NA,NA,NA,2,NA
89,1,2,0,NA,NA,1,2,17,NA,2,NA,3,5,NA,NA,1,2,15
89,1,2,0,NA,NA,1,2,17,NA,2,NA,3,5,NA,NA,1,2,15
89,1,1,0,NA,NA,1,2,18,1,2,NA,2,5,1,NA,1,2,15
89,1,2,0,NA,NA,NA,NA,6,NA,NA,NA,2,NA,NA,NA,NA,2,NA
89,1,2,40000,1,NA,6,NA,20,NA,2,1,3,1,NA,7223,1,2,12
89,2,1,0,NA,NA,1,2,16,1,2,NA,3,5,1,NA,1,2,15
89,2,99999999,0,NA,NA,1,2,16,NA,2,NA,3,5,NA,NA,1,2,15
89,1,2,0,NA,NA,1,2,18,NA,2,1,2,5,NA,NA,1,2,15
89,1,2,0,NA,NA,1,2,17,NA,2,NA,2,5,NA,NA,1,2,15
89,1,2,0,NA,NA,1,2,18,NA,2,NA,2,5,NA,NA,1,2,15
89,2,2,0,NA,NA,NA,NA,6,NA,NA,NA,3,NA,NA,NA,NA,2,NA
89,1,2,0,NA,NA,1,2,18,NA,2,NA,2,5,NA,NA,1,2,15
89,1,2,0,NA,NA,1,2,16,NA,2,NA,2,5,NA,NA,1,2,15
89,2,2,0,NA,NA,NA,NA,7,NA,NA,NA,2,NA,NA,NA,NA,2,NA
89,1,2,0,NA,NA,1,2,16,NA,2,NA,2,5,NA,NA,1,2,15
89,2,2,0,NA,NA,1,2,24,NA,2,NA,2,5,NA,NA,3,2,9
89,2,2,0,NA,NA,1,2,17,NA,2,NA,2,5,NA,NA,1,2,15
89,1,1,0,NA,NA,NA,NA,6,NA,NA,NA,3,NA,NA,NA,NA,2,NA
89,1,2,90000,7,NA,6,NA,23,NA,2,NA,2,1,NA,8131,1,2,12
89,1,2,0,NA,NA,NA,NA,6,NA,NA,NA,2,NA,NA,NA,NA,2,NA
92,1,2,0,NA,NA,1,2,16,NA,2,NA,2,5,NA,NA,1,2,15
92,2,2,0,NA,NA,6,2,22,NA,2,2,2,5,NA,NA,1,2,7
92,1,2,0,NA,NA,NA,NA,6,NA,NA,NA,2,NA,NA,NA,NA,2,NA
92,1,2,0,NA,NA,NA,NA,6,NA,NA,NA,2,NA,NA,NA,NA,2,NA
92,1,2,0,NA,NA,NA,NA,6,NA,NA,NA,2,NA,NA,NA,NA,2,NA
92,1,2,0,NA,NA,1,2,18,NA,2,NA,2,5,NA,NA,1,2,16
92,2,2,0,NA,NA,6,2,25,NA,2,2,2,5,NA,NA,2,2,7
92,1,2,0,NA,NA,1,2,17,NA,2,NA,2,5,NA,NA,1,2,15
92,1,2,0,NA,NA,NA,NA,6,NA,NA,NA,2,NA,NA,NA,NA,2,NA
92,1,2,0,NA,NA,NA,NA,6,NA,NA,NA,2,NA,NA,NA,NA,2,NA
93,2,2,0,NA,NA,5,2,19,NA,2,2,1,5,NA,NA,1,2,99999997
93,2,1,0,99999996,NA,5,2,20,1,1,NA,3,5,1,NA,1,2,9
93,1,2,99999997,6,NA,1,NA,24,NA,2,2,3,1,NA,7114,3,2,12
93,2,1,0,NA,NA,5,2,21,1,2,NA,2,5,3,NA,3,2,7
93,2,2,0,NA,NA,1,2,17,NA,2,2,1,5,NA,NA,1,2,15
93,1,2,40000,1,NA,3,NA,21,NA,2,1,2,1,NA,8332,1,2,12
93,1,2,0,NA,NA,1,2,20,NA,2,NA,2,5,NA,NA,1,2,9
93,1,2,0,NA,NA,1,2,17,NA,2,1,2,5,NA,NA,1,2,1
93,2,1,0,NA,NA,1,2,18,1,2,NA,2,5,3,NA,1,2,1
93,2,2,0,99999996,NA,1,2,19,NA,2,NA,2,5,NA,NA,1,2,15
93,1,1,0,0,NA,5,NA,22,1,2,1,3,1,3,8160,1,2,13
93,1,1,30000,4,NA,11,NA,25,1,2,NA,2,1,3,6224,1,2,12
93,1,1,0,NA,NA,1,2,19,1,2,NA,3,5,1,NA,1,2,1
93,1,2,0,NA,NA,5,2,19,NA,2,NA,2,5,NA,NA,1,2,9
93,2,2,0,NA,NA,5,2,18,NA,2,NA,3,5,NA,NA,1,2,7
93,1,2,0,NA,NA,NA,NA,6,NA,NA,NA,2,NA,NA,NA,NA,2,NA
93,1,2,0,NA,NA,NA,NA,6,NA,NA,NA,3,NA,NA,NA,NA,2,NA
93,2,2,0,NA,NA,NA,NA,6,NA,NA,NA,1,NA,NA,NA,NA,2,NA
93,1,2,0,NA,NA,NA,NA,6,NA,NA,NA,2,NA,NA,NA,NA,2,NA
93,1,1,26000,5,NA,1,NA,24,1,2,1,2,1,3,8160,2,2,12
93,2,2,0,NA,NA,NA,NA,11,NA,NA,NA,4,NA,NA,NA,NA,2,NA
93,2,2,0,99999996,NA,1,NA,20,NA,2,NA,2,1,NA,9212,3,2,13
93,1,2,0,NA,NA,NA,NA,6,NA,NA,NA,2,NA,NA,NA,NA,2,NA
93,1,2,0,NA,NA,NA,NA,6,NA,NA,NA,2,NA,NA,NA,NA,2,NA
93,1,1,0,99999997,15000,1,2,25,1,1,NA,2,5,3,NA,3,2,8
93,1,1,0,NA,NA,1,2,19,1,2,1,1,5,3,NA,1,2,1
93,2,1,0,NA,NA,1,2,18,1,2,2,2,5,3,NA,1,2,1
100,2,2,9600,1,NA,6,NA,20,NA,2,NA,2,1,NA,2411,1,2,12
100,1,2,14200,0,NA,6,NA,20,NA,2,NA,2,1,NA,3312,1,2,12
100,2,2,12000,5,NA,5,NA,20,NA,2,NA,2,1,NA,5223,1,2,12
100,1,2,0,NA,NA,1,2,18,NA,2,1,2,5,NA,NA,1,2,15
100,1,2,30000,1,NA,1,NA,21,NA,2,NA,2,1,NA,8312,1,2,12
100,2,2,11000,2,NA,6,NA,22,NA,2,NA,2,1,NA,2514,1,2,12
100,2,2,0,0,NA,6,NA,19,NA,2,1,2,1,NA,3355,1,2,12
100,1,2,0,NA,99999997,6,2,21,NA,1,2,2,5,NA,NA,1,2,8
100,1,2,0,NA,NA,NA,NA,6,NA,NA,NA,2,NA,NA,NA,NA,2,NA
100,1,2,23000,2,NA,1,NA,21,NA,2,NA,2,1,NA,8312,1,2,12
105,1,2,0,NA,NA,NA,NA,6,NA,NA,NA,2,NA,NA,NA,NA,2,NA
105,1,2,0,0,10000,1,2,16,NA,2,NA,2,5,NA,NA,1,2,15
105,1,2,0,NA,NA,1,2,16,NA,2,NA,2,5,NA,NA,1,2,15
105,1,2,0,NA,10000,1,2,19,NA,2,1,2,5,NA,NA,1,2,1
105,1,2,99999997,2,NA,1,NA,19,NA,2,NA,2,1,NA,9629,3,2,12
105,1,2,0,1,70000,6,2,21,NA,1,1,2,5,NA,NA,1,2,8
105,1,2,0,NA,NA,NA,NA,6,NA,NA,NA,2,NA,NA,NA,NA,2,NA
105,1,2,0,0,NA,1,2,19,NA,2,NA,2,5,NA,NA,1,2,15
105,1,2,0,NA,NA,NA,NA,5,NA,NA,NA,3,NA,NA,NA,NA,2,NA
105,1,1,25000,0,NA,6,NA,23,1,2,1,2,1,3,5223,1,2,12
105,1,2,25000,3,NA,6,NA,21,NA,2,NA,1,1,NA,7512,2,2,12
105,1,2,0,NA,NA,NA,NA,6,NA,NA,NA,2,NA,NA,NA,NA,2,NA
105,1,2,0,1,NA,6,2,20,NA,2,1,3,5,NA,NA,1,2,16
105,2,2,0,99999996,10000,1,2,15,NA,2,NA,3,5,NA,NA,1,2,9
105,2,2,0,NA,NA,1,2,16,NA,2,NA,2,5,NA,NA,1,2,15
105,2,2,15000,1,NA,1,NA,19,NA,2,NA,2,1,NA,9112,1,2,15
105,1,2,0,1,NA,6,2,19,NA,2,NA,1,5,NA,NA,1,2,9
105,2,2,0,NA,NA,NA,NA,5,NA,NA,NA,2,NA,NA,NA,NA,2,NA
105,2,2,15000,1,20000,5,NA,24,NA,2,1,3,1,NA,9411,1,2,12
105,2,2,0,NA,13000,1,2,19,NA,2,1,2,5,NA,NA,1,2,1
105,2,2,0,99999996,10000,1,2,16,NA,2,NA,2,5,NA,NA,1,2,15
105,1,2,0,NA,NA,1,2,18,NA,2,NA,3,5,NA,NA,1,2,9
105,1,2,3500,99999996,10000,3,NA,18,NA,1,NA,2,1,NA,9621,1,2,12
105,1,2,0,NA,NA,NA,NA,6,NA,NA,NA,3,NA,NA,NA,NA,2,NA
105,1,2,0,0,30000,5,2,23,NA,2,1,2,5,NA,NA,1,2,8
105,2,2,0,NA,5000,1,2,16,NA,2,NA,2,5,NA,NA,1,2,1
105,1,2,0,NA,NA,1,2,17,NA,2,NA,1,5,NA,NA,1,2,15
105,1,1,25000,0,NA,6,NA,22,1,2,1,2,1,1,8332,3,2,12
105,2,2,0,NA,NA,NA,NA,6,NA,NA,NA,2,NA,NA,NA,NA,2,NA
105,2,2,0,NA,NA,NA,NA,6,NA,NA,NA,3,NA,NA,NA,NA,2,NA
105,1,2,22000,1,NA,5,NA,22,NA,2,2,2,1,NA,5230,3,2,12
105,1,2,35000,3,NA,5,NA,24,NA,2,1,2,1,NA,5419,1,2,12
105,1,2,0,NA,NA,1,2,16,NA,2,NA,2,5,NA,NA,1,2,1
105,1,2,35000,1,NA,6,NA,19,NA,2,NA,2,1,NA,7411,1,2,12
105,2,2,15000,99999996,NA,6,NA,20,NA,2,1,3,1,NA,5230,1,2,12
105,2,2,20000,1,NA,6,NA,20,NA,2,1,3,1,NA,5230,1,2,12
106,1,2,65000,3,NA,6,NA,21,NA,2,1,2,1,NA,2433,3,2,12
106,2,2,0,3,NA,6,2,22,NA,2,NA,3,5,NA,NA,3,2,16
106,1,2,0,NA,NA,NA,NA,6,NA,NA,NA,3,NA,NA,NA,NA,2,NA
106,1,2,27000,3,NA,6,NA,25,NA,2,1,3,1,NA,2514,1,2,12
106,1,2,0,NA,NA,NA,NA,6,NA,NA,NA,3,NA,NA,NA,NA,2,NA
106,1,1,40000,5,NA,1,NA,25,1,2,1,2,1,1,9333,2,2,12
106,2,2,99999997,0,25000,6,NA,21,NA,2,1,2,1,NA,5223,1,2,12
106,1,2,0,1,NA,6,NA,19,NA,2,NA,2,1,NA,7212,1,2,13
106,1,2,0,NA,30000,6,2,19,NA,2,1,2,5,NA,NA,1,2,8
106,1,1,0,NA,NA,NA,NA,8,NA,NA,NA,2,NA,NA,NA,NA,2,NA
106,2,2,0,NA,12000,1,2,19,NA,2,2,3,5,NA,NA,1,2,15
106,2,2,0,NA,NA,1,2,18,NA,2,2,2,5,NA,NA,1,2,15
106,1,2,0,NA,NA,NA,NA,6,NA,NA,NA,2,NA,NA,NA,NA,2,NA
106,2,2,0,NA,NA,NA,NA,6,NA,NA,NA,3,NA,NA,NA,NA,2,NA
106,1,2,0,NA,NA,NA,NA,6,NA,NA,NA,2,NA,NA,NA,NA,2,NA
106,1,2,0,NA,NA,1,2,16,NA,2,NA,2,5,NA,NA,1,2,15
106,2,1,30000,3,NA,11,NA,23,1,2,2,3,2,1,3312,2,2,5
106,1,2,21000,1,30000,6,NA,24,NA,2,NA,4,1,NA,4321,1,2,12
106,1,2,0,NA,NA,NA,NA,6,NA,NA,NA,2,NA,NA,NA,NA,2,NA
106,2,2,0,NA,NA,1,2,16,NA,2,NA,3,5,NA,NA,1,2,1
106,1,2,0,NA,NA,NA,NA,6,NA,NA,NA,2,NA,NA,NA,NA,2,NA
106,2,2,0,2,NA,5,2,23,NA,2,NA,3,5,NA,NA,3,2,7
106,2,2,0,1,NA,1,2,24,NA,2,NA,3,5,NA,NA,2,2,7
106,1,2,0,NA,NA,NA,NA,5,NA,NA,NA,3,NA,NA,NA,NA,2,NA
106,2,2,30000,2,NA,5,NA,21,NA,2,1,3,1,NA,4321,3,2,12
107,2,1,1700,99999996,20000,1,NA,16,1,2,NA,3,1,3,9412,1,2,12
107,1,2,0,NA,NA,1,2,17,NA,2,NA,1,5,NA,NA,1,2,1
107,1,2,0,NA,NA,1,2,19,NA,2,NA,3,5,NA,NA,1,2,15
107,2,1,0,NA,NA,1,2,18,1,2,NA,3,5,1,NA,3,2,15
107,2,2,0,NA,NA,NA,NA,5,NA,NA,NA,2,NA,NA,NA,NA,2,NA
107,2,2,15000,5,NA,5,NA,24,NA,2,2,2,1,NA,5223,4,2,12
107,1,2,0,NA,NA,1,2,19,NA,1,NA,3,5,NA,NA,1,2,1
107,2,2,0,NA,NA,NA,NA,6,NA,NA,NA,2,NA,NA,NA,NA,2,NA
107,1,2,0,NA,20000,1,2,17,NA,1,NA,1,5,NA,NA,1,2,9
107,1,2,0,0,30000,1,2,22,NA,2,1,2,5,NA,NA,1,2,9
107,2,2,0,NA,30000,6,2,21,NA,2,NA,2,5,NA,NA,1,2,9
107,1,1,0,NA,35000,1,2,20,1,2,NA,2,5,1,NA,3,2,1
107,2,2,0,NA,NA,1,2,17,NA,2,NA,2,5,NA,NA,1,2,15
107,2,2,0,NA,NA,1,2,17,NA,2,NA,2,5,NA,NA,1,2,15
107,2,1,30000,2,NA,6,NA,23,1,2,NA,2,1,1,3434,1,2,12
107,1,2,0,NA,NA,1,2,18,NA,2,NA,3,5,NA,NA,1,2,15
107,1,2,0,NA,20000,1,2,18,NA,2,NA,2,5,NA,NA,1,2,15
107,2,2,0,NA,NA,NA,NA,6,NA,NA,NA,2,NA,NA,NA,NA,2,NA
107,1,2,12000,0,NA,1,NA,21,NA,2,1,3,1,NA,3521,1,2,12
107,2,2,0,NA,NA,1,2,17,NA,2,NA,1,5,NA,NA,1,2,3
107,2,2,0,NA,NA,1,2,19,NA,2,2,2,5,NA,NA,1,2,1
107,2,2,0,NA,NA,NA,NA,6,NA,NA,NA,3,NA,NA,NA,NA,2,NA
107,1,2,0,NA,NA,1,2,19,NA,1,NA,1,5,NA,NA,1,2,15
107,1,2,0,NA,NA,NA,NA,13,NA,NA,NA,3,NA,NA,NA,NA,2,NA
107,1,2,0,99999996,NA,3,2,21,NA,2,2,2,5,NA,NA,1,2,9
107,1,1,0,NA,NA,1,2,17,1,2,NA,2,5,1,NA,1,2,15
107,2,2,9000,1,NA,1,NA,25,NA,2,2,2,1,NA,9112,3,2,12
107,1,2,0,NA,NA,NA,NA,5,NA,NA,NA,2,NA,NA,NA,NA,2,NA
107,2,2,0,NA,NA,NA,NA,6,NA,NA,NA,3,NA,NA,NA,NA,2,NA
116,1,1,0,NA,NA,1,2,17,1,2,NA,2,5,1,NA,1,2,15
116,1,2,50000,4,NA,6,NA,23,NA,2,2,2,1,NA,3322,2,2,12
116,2,2,0,NA,NA,1,2,16,NA,2,NA,2,5,NA,NA,1,2,15
116,1,2,15000,99999996,NA,6,NA,20,NA,2,NA,2,1,NA,5131,1,2,12
116,2,2,0,NA,NA,NA,NA,6,NA,NA,NA,2,NA,NA,NA,NA,2,NA
116,1,2,0,NA,NA,NA,NA,6,NA,NA,NA,2,NA,NA,NA,NA,2,NA
116,2,99999999,0,1,NA,6,NA,24,NA,2,NA,2,2,NA,4321,2,2,6
116,1,2,0,NA,NA,2,2,16,NA,2,NA,2,5,NA,NA,1,2,15
116,1,2,18000,3,NA,1,NA,22,NA,2,1,2,1,NA,8332,1,2,12
116,1,2,22000,99999996,NA,6,NA,20,NA,2,1,2,1,NA,4222,1,2,12
116,2,2,0,NA,NA,5,2,19,NA,2,NA,2,5,NA,NA,1,2,16
116,1,2,0,NA,NA,NA,NA,6,NA,NA,NA,2,NA,NA,NA,NA,2,NA
116,1,2,0,NA,NA,1,2,18,NA,2,NA,2,5,NA,NA,1,2,15
116,2,2,0,NA,NA,1,2,16,NA,2,NA,2,5,NA,NA,1,2,16
116,1,2,0,NA,NA,2,2,16,NA,2,NA,3,5,NA,NA,1,2,15
116,1,2,31000,7,NA,1,NA,24,NA,2,NA,3,1,NA,7233,1,2,12
116,1,2,0,NA,45000,6,2,19,NA,2,NA,2,5,NA,NA,1,2,8
116,1,2,25000,99999996,50000,1,NA,23,NA,2,2,2,1,NA,8322,2,2,12
116,2,2,0,3,50000,11,2,24,NA,2,NA,3,5,NA,NA,2,2,7
116,2,2,0,NA,NA,NA,NA,5,NA,NA,NA,2,NA,NA,NA,NA,2,NA
116,1,2,0,NA,NA,NA,NA,6,NA,NA,NA,2,NA,NA,NA,NA,2,NA
116,2,2,0,NA,NA,NA,NA,6,NA,NA,NA,2,NA,NA,NA,NA,2,NA
116,2,2,0,NA,NA,1,2,19,NA,2,NA,2,5,NA,NA,1,2,15
116,1,2,99999997,0,NA,1,NA,18,NA,2,1,3,1,NA,5230,1,2,12
116,2,2,0,NA,NA,1,2,16,NA,2,NA,2,5,NA,NA,1,2,15
116,2,2,0,3,NA,6,NA,21,NA,2,NA,2,1,NA,2320,1,2,13
116,1,2,0,99999997,NA,4,NA,24,NA,2,NA,3,1,NA,7231,1,2,13
116,2,2,0,NA,NA,1,2,18,NA,2,NA,2,5,NA,NA,1,2,15
116,2,2,18000,4,NA,11,NA,23,NA,2,2,2,1,NA,4223,2,2,12
116,1,2,0,3,25000,3,2,25,NA,2,1,3,5,NA,NA,2,2,8
116,1,2,0,NA,NA,NA,NA,6,NA,NA,NA,2,NA,NA,NA,NA,2,NA
116,2,2,0,NA,NA,1,2,18,NA,2,NA,1,5,NA,NA,1,2,15
116,1,2,0,NA,NA,NA,NA,6,NA,NA,NA,1,NA,NA,NA,NA,2,NA
116,2,2,32000,1,99999997,6,NA,21,NA,2,NA,2,1,NA,3313,1,2,12
116,1,1,0,99999997,NA,6,NA,24,1,2,1,2,1,2,5412,2,2,13
116,2,2,25000,99999997,NA,6,NA,24,NA,2,1,2,1,NA,3119,2,2,12
116,2,2,0,2,NA,6,NA,24,NA,2,NA,2,1,NA,3221,2,2,13
116,1,2,0,NA,NA,NA,NA,6,NA,NA,NA,2,NA,NA,NA,NA,2,NA
116,2,99999999,0,NA,NA,NA,NA,6,NA,NA,NA,2,NA,NA,NA,NA,2,NA
116,2,2,0,NA,NA,1,2,15,NA,2,NA,2,5,NA,NA,1,2,15
116,1,2,0,NA,NA,NA,NA,5,NA,NA,NA,2,NA,NA,NA,NA,2,NA
116,1,2,0,5,35000,5,2,24,NA,1,1,3,5,NA,NA,2,2,9
116,2,2,18000,2,NA,6,NA,22,NA,2,NA,2,1,NA,5142,3,2,12
116,1,2,22000,0,NA,6,NA,21,NA,2,NA,3,1,NA,8189,2,2,12
116,2,2,0,NA,NA,1,2,18,NA,2,NA,3,5,NA,NA,2,2,7
116,1,2,0,NA,NA,1,2,17,NA,2,NA,2,5,NA,NA,1,2,15
117,1,2,0,NA,NA,1,2,19,NA,2,NA,2,5,NA,NA,1,2,15
117,1,2,0,NA,NA,1,2,16,NA,2,NA,2,5,NA,NA,1,2,15
117,2,2,0,NA,NA,1,2,17,NA,2,NA,3,5,NA,NA,1,2,15
117,2,2,0,NA,NA,1,2,16,NA,2,NA,2,5,NA,NA,1,2,1
117,1,2,0,NA,NA,1,2,16,NA,2,NA,1,5,NA,NA,1,2,15
117,2,2,15000,2,NA,5,NA,24,NA,2,2,2,1,NA,7511,1,2,12
117,1,2,15000,1,NA,5,NA,20,NA,2,2,2,1,NA,8341,1,2,12
117,1,2,0,NA,NA,NA,NA,6,NA,NA,NA,2,NA,NA,NA,NA,2,NA
117,1,2,21000,1,NA,5,NA,24,NA,2,2,2,1,NA,5419,1,2,12
117,1,2,0,NA,NA,NA,NA,12,NA,NA,NA,4,NA,NA,NA,NA,2,NA
117,1,1,15000,99999996,NA,1,NA,23,1,2,1,2,1,3,5419,2,2,12
117,1,1,0,NA,NA,NA,NA,6,NA,NA,NA,2,NA,NA,NA,NA,2,NA
117,2,2,0,NA,NA,NA,NA,7,NA,NA,NA,3,NA,NA,NA,NA,2,NA
117,1,2,0,NA,NA,1,2,17,NA,2,2,2,5,NA,NA,1,2,15
129,2,2,0,NA,NA,6,1,21,NA,2,NA,2,5,NA,NA,1,2,9
129,1,2,0,NA,30000,6,2,20,NA,2,2,2,5,NA,NA,1,2,8
129,2,2,0,NA,NA,1,2,19,NA,2,2,2,5,NA,NA,1,2,15
129,2,2,0,NA,NA,1,2,19,NA,2,2,2,5,NA,NA,1,2,7
129,1,2,0,NA,NA,1,2,16,NA,2,NA,2,5,NA,NA,1,2,1
129,2,2,0,NA,NA,1,2,24,NA,2,NA,2,5,NA,NA,2,2,7
129,2,2,12000,2,NA,6,NA,21,NA,2,2,2,1,NA,4221,1,2,12
129,1,2,0,NA,30000,5,2,23,NA,1,1,2,5,NA,NA,1,2,9
129,2,2,0,NA,NA,NA,NA,6,NA,NA,NA,2,NA,NA,NA,NA,2,NA
129,2,2,0,NA,NA,1,2,16,NA,2,NA,2,5,NA,NA,1,2,15
129,2,2,0,NA,NA,1,2,19,NA,2,NA,2,5,NA,NA,1,2,15
129,2,2,0,NA,NA,NA,NA,6,NA,NA,NA,2,NA,NA,NA,NA,2,NA
129,1,2,0,NA,NA,NA,NA,5,NA,NA,NA,3,NA,NA,NA,NA,2,NA
129,1,2,30000,0,NA,6,NA,24,NA,2,NA,2,1,NA,5211,1,2,12
129,1,2,0,NA,NA,1,2,17,NA,2,NA,2,5,NA,NA,1,2,1
129,1,2,0,NA,NA,1,2,18,NA,2,NA,2,5,NA,NA,1,2,1
129,2,2,0,NA,25000,6,2,18,NA,1,NA,2,5,NA,NA,1,2,8
129,1,2,0,NA,NA,1,2,15,NA,2,NA,2,5,NA,NA,1,2,15
129,1,2,0,NA,NA,1,2,19,NA,2,NA,2,5,NA,NA,1,2,15
129,2,1,0,NA,NA,6,2,20,1,2,NA,2,5,3,NA,1,2,9
129,2,1,0,NA,NA,1,2,18,1,2,NA,3,5,3,NA,1,2,15
129,1,2,0,NA,NA,1,2,17,NA,2,NA,2,5,NA,NA,1,2,1
129,2,2,0,NA,NA,1,2,17,NA,2,NA,2,5,NA,NA,1,2,15
129,1,2,0,NA,NA,NA,NA,5,NA,NA,NA,3,NA,NA,NA,NA,2,NA
129,1,1,0,NA,NA,NA,NA,6,NA,NA,NA,2,NA,NA,NA,NA,2,NA
129,2,2,0,NA,NA,2,2,18,NA,2,NA,3,5,NA,NA,1,2,15
129,2,2,0,NA,12000,6,2,20,NA,2,NA,3,5,NA,NA,1,2,8
129,1,2,0,NA,NA,NA,NA,6,NA,NA,NA,2,NA,NA,NA,NA,2,NA
129,2,2,0,NA,NA,1,2,16,NA,2,NA,2,5,NA,NA,1,2,15
129,1,1,25000,3,NA,6,NA,22,1,2,NA,2,1,1,5412,1,2,12
129,2,2,0,NA,NA,6,2,19,NA,2,1,2,5,NA,NA,2,2,7
129,1,2,40000,99999996,NA,6,NA,24,NA,2,1,1,1,NA,8332,2,2,12
135,2,2,0,NA,NA,1,2,16,NA,2,NA,2,5,NA,NA,1,2,15
135,1,2,7000,1,NA,6,NA,22,NA,2,NA,3,1,NA,9333,1,2,16
135,1,2,0,NA,NA,NA,NA,6,NA,NA,NA,2,NA,NA,NA,NA,2,NA
135,1,2,16300,1,NA,6,NA,22,NA,2,NA,3,1,NA,2423,1,2,12
135,1,2,10000,99999996,NA,1,NA,19,NA,2,2,2,1,NA,5131,1,2,12
135,2,2,0,NA,NA,NA,NA,6,NA,NA,NA,2,NA,NA,NA,NA,2,NA
135,2,2,0,NA,NA,1,2,16,NA,2,1,2,5,NA,NA,1,2,15
135,1,1,15000,0,50000,1,NA,18,1,2,1,2,1,3,7126,1,2,15
135,2,1,20000,4,NA,6,NA,24,1,2,NA,2,1,3,2622,3,2,12
135,2,2,0,99999996,NA,1,2,21,NA,2,2,3,5,NA,NA,2,2,7
135,1,2,30000,3,NA,6,NA,24,NA,2,2,2,1,NA,210,2,2,12
135,1,1,0,NA,NA,NA,NA,6,NA,NA,NA,3,NA,NA,NA,NA,2,NA
136,1,2,0,NA,NA,NA,NA,7,NA,NA,NA,2,NA,NA,NA,NA,2,NA
136,1,1,70000,99999997,NA,1,NA,25,1,2,1,3,1,2,7111,3,2,12
136,2,2,0,NA,NA,1,2,18,NA,2,NA,2,5,NA,NA,1,2,15
136,2,2,0,NA,NA,1,2,23,NA,2,NA,3,5,NA,NA,1,2,3
136,2,2,0,NA,NA,1,2,15,NA,2,NA,2,5,NA,NA,1,2,15
136,1,2,0,NA,NA,1,2,20,NA,2,NA,2,5,NA,NA,1,2,15
136,2,2,0,NA,NA,1,2,18,NA,2,NA,3,99999998,NA,NA,1,2,15
136,2,2,24000,99999996,NA,5,NA,22,NA,2,NA,3,1,NA,5223,2,2,12
136,1,2,0,NA,NA,1,2,17,NA,2,NA,2,5,NA,NA,1,2,1
136,2,2,0,NA,NA,NA,NA,7,NA,NA,NA,3,NA,NA,NA,NA,2,NA
136,1,2,0,2,40000,6,2,20,NA,2,1,2,5,NA,NA,1,2,9
136,2,2,0,NA,NA,NA,NA,6,NA,NA,NA,3,NA,NA,NA,NA,2,NA
136,1,1,0,NA,NA,1,2,18,1,2,NA,3,5,1,NA,1,2,15
136,1,2,0,NA,NA,NA,NA,6,NA,NA,NA,2,NA,NA,NA,NA,2,NA
136,1,2,0,NA,NA,NA,NA,6,NA,NA,NA,3,NA,NA,NA,NA,2,NA
136,1,2,30000,2,NA,6,NA,22,NA,2,2,2,1,NA,7223,1,2,12
136,1,2,0,NA,NA,NA,NA,6,NA,NA,NA,2,NA,NA,NA,NA,2,NA
136,2,2,0,NA,NA,NA,NA,6,NA,NA,NA,2,NA,NA,NA,NA,2,NA
136,2,2,0,NA,NA,NA,NA,6,NA,NA,NA,2,NA,NA,NA,NA,2,NA
136,1,2,0,99999996,NA,2,2,16,NA,2,NA,2,5,NA,NA,1,2,15
136,1,1,40000,3,NA,5,NA,23,1,2,NA,2,1,1,3422,2,2,12
137,1,2,0,NA,NA,NA,NA,6,NA,NA,NA,2,NA,NA,NA,NA,2,NA
137,1,2,0,NA,NA,NA,NA,6,NA,NA,NA,3,NA,NA,NA,NA,2,NA
137,1,2,0,NA,NA,5,2,19,NA,2,NA,1,5,NA,NA,1,2,16
137,1,1,35000,0,NA,5,NA,24,1,2,1,3,1,1,7231,1,2,12
137,1,2,0,NA,NA,6,2,20,NA,2,NA,1,5,NA,NA,1,2,16
137,1,2,0,99999996,NA,6,NA,21,NA,2,2,3,1,NA,5120,1,2,13
137,2,2,0,NA,NA,NA,NA,6,NA,NA,NA,2,NA,NA,NA,NA,2,NA
137,2,2,0,NA,NA,6,2,21,NA,2,NA,2,5,NA,NA,1,2,9
137,1,2,0,NA,NA,NA,NA,6,NA,NA,NA,3,NA,NA,NA,NA,2,NA
137,2,2,0,NA,NA,NA,NA,6,NA,NA,NA,2,NA,NA,NA,NA,2,NA
137,2,2,26000,3,NA,10,NA,25,NA,2,1,2,1,NA,3343,1,2,12
137,2,2,0,3,27000,6,NA,23,NA,2,1,2,1,NA,5230,1,2,13
137,1,2,0,NA,NA,1,2,18,NA,2,NA,3,5,NA,NA,1,2,15
137,1,2,0,NA,NA,1,2,18,NA,2,NA,3,5,NA,NA,1,2,15
137,2,2,20000,3,35000,6,NA,23,NA,1,NA,2,1,NA,5141,3,2,12
137,1,1,0,NA,NA,5,2,23,1,2,NA,2,5,1,NA,1,2,16
137,2,2,25000,3,NA,10,NA,25,NA,2,NA,2,1,NA,9510,1,2,12
137,2,2,0,NA,NA,NA,NA,6,NA,NA,NA,2,NA,NA,NA,NA,2,NA
137,2,2,26000,9,NA,6,NA,23,NA,2,NA,2,1,NA,8211,3,2,12
137,2,2,0,NA,NA,NA,NA,6,NA,NA,NA,3,NA,NA,NA,NA,2,NA
137,1,2,0,NA,NA,2,2,18,NA,2,NA,2,5,NA,NA,1,2,15
137,2,2,0,NA,NA,NA,NA,6,NA,NA,NA,1,NA,NA,NA,NA,2,NA
137,2,2,0,NA,NA,NA,NA,6,NA,NA,NA,2,NA,NA,NA,NA,2,NA
137,2,2,0,NA,30000,6,2,21,NA,2,2,3,5,NA,NA,1,2,8
137,2,1,0,NA,50000,6,2,19,1,2,1,3,5,1,NA,1,2,8
137,2,2,0,NA,NA,1,2,19,NA,2,NA,2,5,NA,NA,1,2,15
137,1,2,28000,2,NA,6,NA,20,NA,2,NA,2,1,NA,5120,1,2,12
137,1,2,0,NA,45000,6,2,21,NA,1,2,2,5,NA,NA,1,2,16
137,1,2,35000,1,NA,6,NA,23,NA,2,2,3,1,NA,7231,1,2,12
138,2,2,0,NA,NA,6,2,22,NA,2,1,4,5,NA,NA,1,2,16
138,1,2,0,99999996,50000,5,NA,22,NA,1,1,2,1,NA,9621,3,2,13
138,1,2,0,NA,40000,6,1,21,NA,2,NA,4,5,NA,NA,1,2,8
138,2,2,0,NA,NA,1,2,18,NA,2,NA,3,5,NA,NA,1,2,15
138,2,2,40000,3,60000,6,NA,24,NA,2,1,3,1,NA,3221,1,2,12
138,1,2,0,0,NA,1,2,19,NA,1,1,2,5,NA,NA,1,2,9
138,1,2,0,NA,NA,NA,NA,6,NA,NA,NA,2,NA,NA,NA,NA,2,NA
138,1,2,0,NA,NA,1,2,20,NA,2,1,3,5,NA,NA,1,2,15
138,1,2,60000,4,60000,6,NA,25,NA,2,2,2,1,NA,2412,3,2,12
138,2,2,45000,2,NA,6,NA,23,NA,2,1,2,1,NA,3355,3,2,12
138,2,2,0,NA,NA,NA,NA,6,NA,NA,NA,2,NA,NA,NA,NA,2,NA
138,1,2,70000,1,NA,5,NA,22,NA,2,NA,2,1,NA,2320,1,2,12
138,1,2,0,2,40000,6,2,22,NA,1,1,3,5,NA,NA,1,2,8
138,2,2,0,NA,NA,NA,NA,6,NA,NA,NA,2,NA,NA,NA,NA,2,NA
138,1,2,0,NA,NA,1,2,15,NA,2,2,2,5,NA,NA,1,2,15
138,2,2,70000,3,NA,3,NA,20,NA,2,NA,2,1,NA,3322,1,2,12
138,2,2,0,NA,NA,NA,NA,5,NA,NA,NA,2,NA,NA,NA,NA,2,NA
138,1,2,0,NA,NA,1,2,16,NA,2,1,2,5,NA,NA,1,2,15
138,1,2,0,NA,NA,NA,NA,5,NA,NA,NA,2,NA,NA,NA,NA,2,NA
138,2,2,0,6,60000,5,2,22,NA,2,1,2,5,NA,NA,1,2,9
138,1,2,0,NA,99999997,2,2,18,NA,2,1,3,5,NA,NA,1,2,15
138,2,2,0,0,35000,6,2,23,NA,2,1,3,5,NA,NA,4,2,8
138,1,2,0,4,60000,6,2,23,NA,2,1,2,5,NA,NA,2,2,8
138,1,2,0,NA,NA,NA,NA,6,NA,NA,NA,2,NA,NA,NA,NA,2,NA
138,1,2,0,NA,NA,1,2,16,NA,2,1,2,5,NA,NA,1,2,15
138,2,2,0,NA,30000,1,2,17,NA,2,1,2,5,NA,NA,1,2,15
138,1,2,0,99999996,30000,4,2,25,NA,2,1,3,5,NA,NA,1,2,8
138,2,2,33000,5,50000,11,NA,23,NA,2,1,3,1,NA,2631,1,2,12
138,1,2,45000,99999996,NA,6,NA,22,NA,2,1,3,1,NA,5242,1,2,12
138,1,2,0,NA,NA,NA,NA,6,NA,NA,NA,2,NA,NA,NA,NA,2,NA
138,2,2,80000,4,40000,11,NA,24,NA,2,2,2,1,NA,3212,2,2,12
138,2,2,0,NA,NA,1,2,16,NA,2,NA,3,5,NA,NA,1,2,3
138,2,2,0,NA,NA,NA,NA,6,NA,NA,NA,2,NA,NA,NA,NA,2,NA
138,1,2,65000,5,NA,5,NA,22,NA,2,NA,3,1,NA,8311,1,2,12
138,2,2,0,4,NA,6,2,23,NA,2,2,2,5,NA,NA,2,2,9
138,2,1,50000,0,NA,11,NA,23,1,2,2,2,1,1,2619,1,2,12
138,1,2,0,NA,NA,NA,NA,6,NA,NA,NA,2,NA,NA,NA,NA,2,NA
138,1,2,0,NA,NA,1,2,19,NA,2,NA,2,5,NA,NA,1,2,15
138,1,2,0,NA,NA,NA,NA,5,NA,NA,NA,1,NA,NA,NA,NA,2,NA
138,1,2,99999997,99999996,50000,1,NA,19,NA,2,2,3,1,NA,3343,1,2,12
138,2,2,0,NA,99999997,1,2,18,NA,2,NA,2,5,NA,NA,1,2,15
138,1,2,0,NA,NA,5,2,21,NA,2,NA,2,5,NA,NA,1,2,9
138,2,2,28000,3,NA,6,NA,23,NA,2,1,2,1,NA,5223,2,2,12
138,2,1,60000,3,NA,6,NA,24,1,2,NA,2,1,1,2262,3,2,12
138,1,2,0,NA,NA,1,2,17,NA,2,NA,3,5,NA,NA,1,2,15
141,1,2,0,NA,NA,NA,NA,6,NA,NA,NA,2,NA,NA,NA,NA,2,NA
141,1,2,0,NA,NA,1,2,16,NA,2,NA,2,5,NA,NA,1,2,15
141,2,2,26000,6,35000,6,NA,22,NA,2,NA,3,1,NA,4321,1,2,12
141,1,2,0,NA,NA,NA,NA,6,NA,NA,NA,1,NA,NA,NA,NA,2,NA
141,2,2,0,NA,NA,NA,NA,5,NA,NA,NA,2,NA,NA,NA,NA,2,NA
141,2,2,0,NA,NA,1,2,17,NA,2,NA,2,5,NA,NA,1,2,15
141,1,2,0,99999996,NA,1,2,19,NA,2,NA,2,5,NA,NA,1,2,15
141,2,2,0,NA,NA,NA,NA,6,NA,NA,NA,2,NA,NA,NA,NA,2,NA
141,2,1,28000,2,NA,5,NA,24,1,2,NA,2,2,1,3343,2,2,5
141,1,2,0,NA,30000,5,2,20,NA,1,1,1,5,NA,NA,1,2,8
141,2,1,0,NA,NA,1,2,24,1,2,NA,2,5,1,NA,2,2,15
141,1,2,0,NA,NA,1,2,19,NA,2,1,2,5,NA,NA,1,2,15
141,2,2,0,NA,NA,NA,NA,5,NA,NA,NA,2,NA,NA,NA,NA,2,NA
141,1,2,0,NA,NA,NA,NA,6,NA,NA,NA,2,NA,NA,NA,NA,2,NA
141,1,1,40000,0,NA,6,NA,21,1,2,NA,2,1,1,3117,3,2,12
141,2,2,27000,0,NA,6,NA,20,NA,2,1,2,1,NA,3122,3,2,12
141,2,1,0,99999996,45000,1,2,21,1,2,NA,2,5,1,NA,3,2,8
141,2,1,0,99999996,NA,1,2,24,1,1,1,2,5,2,NA,4,2,9
142,1,2,0,NA,40000,1,2,19,NA,1,2,2,5,NA,NA,1,2,15
142,1,2,35000,2,NA,6,NA,22,NA,2,1,3,1,NA,3344,1,2,12
142,2,2,0,99999996,NA,1,NA,17,NA,2,1,3,1,NA,5131,1,2,12
142,1,2,60000,4,NA,6,NA,25,NA,2,1,3,1,NA,3255,1,2,12
142,2,2,0,99999996,30000,5,2,20,NA,2,1,2,5,NA,NA,1,2,8
142,2,2,0,NA,NA,1,2,16,NA,2,NA,1,5,NA,NA,1,2,16
142,1,2,0,NA,NA,NA,NA,6,NA,NA,NA,2,NA,NA,NA,NA,2,NA
142,2,2,0,NA,NA,NA,NA,5,NA,NA,NA,3,NA,NA,NA,NA,2,NA
142,2,2,45000,99999996,NA,1,NA,18,NA,2,NA,3,1,NA,4323,1,2,12
142,1,2,0,NA,NA,1,2,16,NA,2,2,2,5,NA,NA,1,2,15
142,1,1,0,NA,NA,1,2,16,1,2,NA,3,5,1,NA,1,2,15
142,2,2,0,NA,NA,NA,NA,6,NA,NA,NA,2,NA,NA,NA,NA,2,NA
142,1,2,0,NA,NA,1,2,17,NA,2,NA,3,5,NA,NA,1,2,15
142,2,2,65000,4,NA,6,NA,23,NA,2,1,2,1,NA,1324,1,2,12
142,1,2,0,NA,NA,1,2,17,NA,2,NA,2,5,NA,NA,1,2,15
142,1,2,0,NA,NA,1,2,16,NA,2,NA,3,5,NA,NA,1,2,15
142,1,2,0,NA,NA,NA,NA,6,NA,NA,NA,2,NA,NA,NA,NA,2,NA
142,1,2,35000,2,50000,6,NA,24,NA,2,1,2,1,NA,4321,1,2,12
142,1,2,0,NA,NA,1,2,17,NA,2,2,3,5,NA,NA,1,2,15
142,1,2,50000,5,45000,6,NA,22,NA,2,1,4,1,NA,3343,1,2,12
142,1,2,0,NA,NA,1,2,16,NA,2,NA,4,5,NA,NA,1,2,3
142,1,2,0,NA,NA,NA,NA,7,NA,NA,NA,2,NA,NA,NA,NA,2,NA
142,2,2,0,NA,NA,1,2,17,NA,2,NA,2,5,NA,NA,1,2,15
142,2,2,50000,5,NA,6,NA,24,NA,2,1,2,1,NA,5223,2,2,12
142,1,2,35000,3,NA,1,NA,25,NA,2,1,2,1,NA,4321,1,2,12
142,2,2,37000,1,NA,6,NA,22,NA,2,1,2,1,NA,8183,4,2,12
142,2,2,0,NA,NA,NA,NA,6,NA,NA,NA,3,NA,NA,NA,NA,2,NA
142,2,2,0,NA,NA,NA,NA,6,NA,NA,NA,2,NA,NA,NA,NA,2,NA
142,1,2,0,NA,NA,NA,NA,6,NA,NA,NA,2,NA,NA,NA,NA,2,NA
142,1,2,50000,1,NA,6,NA,22,NA,2,2,2,1,NA,8311,1,2,12
142,2,2,0,3,NA,6,NA,24,NA,2,NA,3,1,NA,3221,2,2,12
142,1,2,0,NA,NA,NA,NA,5,NA,NA,NA,2,NA,NA,NA,NA,2,NA
142,1,1,50000,6,NA,6,NA,24,1,2,1,2,1,1,5412,2,2,12
142,1,2,0,NA,NA,NA,NA,6,NA,NA,NA,3,NA,NA,NA,NA,2,NA
142,1,2,35000,3,35000,5,NA,22,NA,2,1,3,1,NA,5120,1,2,12
142,1,2,0,2,40000,5,2,25,NA,1,NA,2,5,NA,NA,1,2,8
142,2,1,10000,0,NA,5,NA,22,1,2,1,2,1,1,5230,1,2,12
142,1,2,63000,2,NA,6,NA,24,NA,2,NA,2,1,NA,8189,1,2,12
142,2,2,99999997,99999996,30000,6,NA,19,NA,2,1,3,1,NA,2434,1,2,12
142,2,2,0,NA,NA,NA,NA,6,NA,NA,NA,2,NA,NA,NA,NA,2,NA
142,1,2,60000,99999996,NA,6,NA,21,NA,2,1,3,1,NA,2513,2,2,12
142,2,2,0,NA,NA,1,2,15,NA,2,NA,2,5,NA,NA,1,2,15
142,2,2,0,NA,NA,1,2,18,NA,2,NA,3,5,NA,NA,1,2,15
142,2,2,38000,1,NA,5,NA,21,NA,2,1,2,1,NA,4323,1,2,12
142,1,2,40000,1,NA,1,NA,20,NA,2,1,1,1,NA,5230,1,2,12
142,2,2,0,NA,NA,NA,NA,6,NA,NA,NA,3,NA,NA,NA,NA,2,NA
142,1,1,99999997,99999996,NA,6,NA,24,4,2,1,2,1,2,5223,1,2,12
142,2,2,0,NA,NA,1,2,18,NA,2,2,3,5,NA,NA,1,2,15
142,1,1,0,3,50000,6,2,24,1,2,1,3,5,1,NA,1,2,8
142,2,1,35000,5,NA,11,NA,24,1,2,2,2,1,1,3333,2,2,12
142,1,2,0,2,50000,6,NA,24,NA,2,1,2,1,NA,3511,1,2,13
142,2,2,0,NA,NA,1,2,18,NA,2,1,2,5,NA,NA,1,2,15
142,1,2,99999997,1,NA,6,NA,20,NA,2,1,2,1,NA,7411,1,2,12
142,1,2,0,0,NA,1,NA,18,NA,2,1,2,1,NA,5419,1,2,15
142,1,2,0,NA,NA,NA,NA,6,NA,NA,NA,2,NA,NA,NA,NA,2,NA
142,1,1,0,NA,NA,NA,NA,6,NA,NA,NA,2,NA,NA,NA,NA,2,NA
142,2,2,27000,5,NA,6,NA,25,NA,2,1,3,1,NA,2342,2,2,12
142,2,2,0,NA,NA,NA,NA,5,NA,NA,NA,2,NA,NA,NA,NA,2,NA
142,2,1,0,4,45000,6,2,24,2,1,2,2,5,1,NA,3,2,7
142,1,2,70000,5,NA,5,NA,25,NA,2,NA,2,1,NA,8311,2,2,12
142,2,1,0,NA,40000,4,2,19,1,2,NA,2,5,1,NA,1,2,8
142,1,2,85000,2,NA,6,NA,23,NA,2,1,2,1,NA,3322,3,2,12
142,2,1,0,NA,NA,NA,NA,6,NA,NA,NA,2,NA,NA,NA,NA,2,NA
142,2,2,0,NA,NA,NA,NA,6,NA,NA,NA,2,NA,NA,NA,NA,2,NA
142,2,1,0,NA,NA,NA,NA,6,NA,NA,NA,2,NA,NA,NA,NA,2,NA
142,1,2,23000,1,NA,5,NA,21,NA,2,2,2,1,NA,5246,1,2,12
142,2,1,20000,5,NA,1,NA,23,1,2,1,2,1,1,5223,1,2,12
142,1,1,37300,5,NA,1,NA,23,7,2,1,2,1,1,5412,2,2,12
142,1,2,40000,5,NA,3,NA,22,NA,2,1,3,1,NA,8332,2,2,12
161,2,2,0,NA,NA,NA,NA,7,NA,NA,NA,2,NA,NA,NA,NA,2,NA
161,2,1,0,NA,NA,1,2,16,1,2,NA,2,5,1,NA,1,2,15
161,1,2,0,NA,NA,NA,NA,6,NA,NA,NA,2,NA,NA,NA,NA,2,NA
161,2,2,23000,2,NA,6,NA,22,NA,2,2,2,1,NA,3221,2,2,12
161,1,2,0,NA,NA,NA,NA,5,NA,NA,NA,1,NA,NA,NA,NA,2,NA
161,1,2,25600,0,NA,5,NA,18,NA,2,1,1,1,NA,7231,1,2,12
161,1,2,18000,2,40000,6,NA,18,NA,2,1,2,1,NA,9629,1,2,12
161,1,2,0,NA,NA,NA,NA,12,NA,NA,NA,4,NA,NA,NA,NA,2,NA
161,1,2,0,NA,NA,NA,NA,6,NA,NA,NA,2,NA,NA,NA,NA,2,NA
161,1,1,32600,2,NA,5,NA,18,1,2,2,1,1,1,7223,1,2,12
161,1,2,30000,8,60000,6,NA,24,NA,2,1,2,1,NA,8160,2,2,12
161,2,2,0,99999996,20000,1,2,22,NA,2,1,3,5,NA,NA,2,2,8
161,1,1,18000,0,NA,1,NA,16,1,2,NA,2,1,1,8160,1,2,12
161,2,2,0,NA,NA,NA,NA,6,NA,NA,NA,2,NA,NA,NA,NA,2,NA
138,1,2,0,NA,30000,6,2,19,NA,2,1,3,5,NA,NA,1,2,8
138,1,2,0,99999996,50000,5,2,24,NA,2,NA,3,5,NA,NA,1,2,9
138,2,2,48000,0,45000,5,NA,21,NA,1,1,2,1,NA,2161,1,2,12
138,2,2,0,NA,NA,NA,NA,6,NA,NA,NA,2,NA,NA,NA,NA,2,NA
138,1,2,0,NA,NA,NA,NA,6,NA,NA,NA,3,NA,NA,NA,NA,2,NA
138,1,2,0,NA,NA,1,2,16,NA,2,NA,1,5,NA,NA,1,2,15
138,2,2,0,NA,NA,1,2,17,NA,2,2,2,5,NA,NA,1,2,15
138,1,2,0,1,35000,1,2,21,NA,2,2,2,5,NA,NA,1,2,8
138,1,2,0,NA,NA,NA,NA,6,NA,NA,NA,2,NA,NA,NA,NA,2,NA
138,1,99999999,0,NA,NA,NA,NA,6,NA,NA,NA,2,NA,NA,NA,NA,2,NA
138,2,1,0,NA,NA,1,2,18,99999999,2,1,2,5,99999999,NA,1,2,16
138,2,99999999,0,99999996,40000,1,2,20,NA,2,NA,2,5,NA,NA,1,2,8
138,1,99999999,25000,99999996,NA,1,NA,25,NA,2,1,2,1,NA,4321,1,2,12
138,2,99999999,0,NA,NA,NA,NA,6,NA,NA,NA,2,NA,NA,NA,NA,2,NA
138,2,99999999,0,NA,NA,1,2,16,NA,2,1,3,5,NA,NA,1,2,15
142,1,2,28000,1,NA,6,NA,20,NA,2,1,2,1,NA,2631,3,2,12
